ts,kind,o_ap,d_ap,dep_at,ret_at,airline,price
2026-09-20T02:00:15+00:00,ow,ICN,NRT,2026-12-03T12:40:00+09:00,,MM,71634
2026-09-20T02:00:15+00:00,ow,ICN,HND,2026-12-17T22:50:00+09:00,,MM,72373
2026-09-20T02:00:15+00:00,ow,ICN,HND,2026-12-09T22:50:00+09:00,,MM,73546
2026-09-20T02:00:15+00:00,ow,ICN,HND,2027-02-02T22:50:00+09:00,,MM,74695
2026-09-20T02:00:15+00:00,ow,ICN,HND,2026-12-02T22:50:00+09:00,,MM,77038
2026-09-20T02:00:15+00:00,ow,ICN,NRT,2026-12-10T12:40:00+09:00,,MM,77882
2026-09-20T02:00:15+00:00,ow,ICN,HND,2027-01-19T22:50:00+09:00,,MM,78142
2026-09-20T02:00:15+00:00,ow,ICN,NRT,2027-01-28T12:40:00+09:00,,MM,79278
2026-09-20T02:00:15+00:00,ow,ICN,HND,2027-02-03T22:50:00+09:00,,MM,81879
2026-09-20T02:00:15+00:00,ow,ICN,NRT,2026-10-10T14:10:00+09:00,,ZE,90101
2026-09-20T02:00:15+00:00,ow,ICN,NRT,2026-10-07T11:20:00+09:00,,WE,103683
2026-09-20T02:00:15+00:00,ow,ICN,NRT,2026-10-27T11:20:00+09:00,,WE,103683
2026-09-20T02:00:15+00:00,ow,ICN,NRT,2026-10-28T09:50:00+09:00,,WE,103683
2026-09-20T02:00:15+00:00,ow,ICN,NRT,2026-11-17T08:10:00+09:00,,RS,105664
2026-09-20T02:00:15+00:00,ow,ICN,NRT,2026-11-11T08:10:00+09:00,,RS,106426
2026-09-20T02:00:15+00:00,ow,ICN,NRT,2026-11-25T09:20:00+09:00,,RS,106570
2026-09-20T02:00:15+00:00,ow,ICN,NRT,2026-11-18T08:10:00+09:00,,RS,106820
2026-09-20T02:00:15+00:00,ow,ICN,NRT,2027-03-02T08:10:00+09:00,,RS,107023
2026-09-20T02:00:15+00:00,ow,ICN,NRT,2027-03-09T08:10:00+09:00,,RS,107395
2026-09-20T02:00:15+00:00,ow,ICN,NRT,2026-11-10T08:10:00+09:00,,RS,107575
2026-09-20T02:00:15+00:00,ow,ICN,NRT,2026-11-24T08:10:00+09:00,,RS,107609
2026-09-20T02:00:15+00:00,ow,ICN,NRT,2026-12-08T08:10:00+09:00,,RS,108457
2026-09-20T02:00:15+00:00,ow,ICN,NRT,2026-11-04T08:10:00+09:00,,RS,108955
2026-09-20T02:00:15+00:00,ow,ICN,NRT,2026-12-01T09:20:00+09:00,,RS,110381
2026-09-20T02:00:15+00:00,ow,ICN,NRT,2026-12-22T08:10:00+09:00,,RS,112996
2026-09-20T02:00:15+00:00,ow,ICN,NRT,2026-10-29T09:50:00+09:00,,7C,113228
2026-09-20T02:00:15+00:00,ow,ICN,NRT,2026-11-02T07:15:00+09:00,,7C,116297
2026-09-20T02:00:15+00:00,ow,ICN,NRT,2026-11-12T07:15:00+09:00,,7C,116555
2026-09-20T02:00:15+00:00,ow,ICN,NRT,2026-11-09T07:15:00+09:00,,7C,116789
2026-09-20T02:00:15+00:00,ow,ICN,NRT,2026-11-30T07:15:00+09:00,,7C,117249
2026-09-20T02:00:15+00:00,ow,ICN,NRT,2026-11-01T07:15:00+09:00,,7C,117381
2026-09-20T02:00:15+00:00,ow,ICN,NRT,2026-11-03T08:10:00+09:00,,7C,117446
2026-09-20T02:00:15+00:00,ow,ICN,NRT,2026-10-20T08:10:00+09:00,,7C,117561
2026-09-20T02:00:15+00:00,ow,ICN,NRT,2026-10-21T12:55:00+09:00,,ZG,117923
2026-09-20T02:00:15+00:00,ow,ICN,NRT,2026-11-05T07:15:00+09:00,,7C,118136
2026-09-20T02:00:15+00:00,ow,ICN,NRT,2026-10-26T08:35:00+09:00,,TW,120173
2026-09-20T02:00:15+00:00,ow,ICN,NRT,2026-11-26T16:40:00+09:00,,RS,120281
2026-09-20T02:00:15+00:00,ow,ICN,NRT,2026-11-16T07:35:00+09:00,,BX,123367
2026-09-20T02:00:15+00:00,ow,ICN,NRT,2026-10-06T13:35:00+09:00,,MM,125215
2026-09-20T02:00:15+00:00,ow,ICN,NRT,2026-10-14T12:55:00+09:00,,ZG,125806
2026-09-20T02:00:15+00:00,ow,ICN,NRT,2026-10-22T09:50:00+09:00,,WE,125806
2026-09-20T02:00:15+00:00,ow,ICN,NRT,2026-10-30T11:20:00+09:00,,WE,125839
2026-09-20T02:00:15+00:00,ow,ICN,NRT,2026-11-29T09:50:00+09:00,,WE,125839
2026-09-20T02:00:15+00:00,ow,ICN,NRT,2027-03-16T09:50:00+09:00,,WE,126105
2026-09-20T02:00:15+00:00,ow,ICN,NRT,2026-10-31T15:15:00+09:00,,LJ,126531
2026-09-20T02:00:15+00:00,ow,ICN,NRT,2026-10-25T07:15:00+09:00,,7C,127383
2026-09-20T02:00:15+00:00,ow,ICN,NRT,2026-10-11T07:10:00+09:00,,BX,127551
2026-09-20T02:00:15+00:00,ow,ICN,NRT,2026-11-19T08:10:00+09:00,,RS,129032
2026-09-20T02:00:15+00:00,ow,ICN,NRT,2027-03-04T09:20:00+09:00,,RS,130676
2026-09-20T02:00:15+00:00,ow,ICN,NRT,2026-12-23T13:05:00+09:00,,ZG,133450
2026-09-20T02:00:15+00:00,ow,ICN,NRT,2026-11-22T09:20:00+09:00,,RS,133917
2026-09-20T02:00:15+00:00,ow,ICN,NRT,2027-03-11T09:20:00+09:00,,RS,135396
2026-09-20T02:00:15+00:00,ow,ICN,NRT,2026-12-05T12:40:00+09:00,,MM,136482
2026-09-20T02:00:15+00:00,ow,ICN,NRT,2026-10-19T10:25:00+09:00,,7C,136580
2026-09-20T02:00:15+00:00,ow,ICN,NRT,2026-12-13T07:15:00+09:00,,7C,137253
2026-09-20T02:00:15+00:00,ow,ICN,NRT,2026-10-13T07:10:00+09:00,,BX,137516
2026-09-20T02:00:15+00:00,ow,ICN,NRT,2026-11-14T07:15:00+09:00,,7C,137668
2026-09-20T02:00:15+00:00,ow,ICN,NRT,2026-11-21T07:15:00+09:00,,7C,137927
2026-09-20T02:00:15+00:00,ow,ICN,NRT,2026-09-29T07:10:00+09:00,,BX,138127
2026-09-20T02:00:15+00:00,ow,ICN,NRT,2026-11-20T07:35:00+09:00,,BX,138387
2026-09-20T02:00:15+00:00,ow,ICN,NRT,2026-11-08T07:15:00+09:00,,7C,138436
2026-09-20T02:00:15+00:00,ow,ICN,NRT,2026-12-14T07:35:00+09:00,,BX,139131
2026-09-20T02:00:15+00:00,ow,ICN,NRT,2026-12-06T07:35:00+09:00,,BX,139289
2026-09-20T02:00:15+00:00,ow,ICN,NRT,2026-10-23T15:00:00+09:00,,TW,139553
2026-09-20T02:00:15+00:00,ow,ICN,NRT,2026-10-24T12:55:00+09:00,,ZG,139602
2026-09-20T02:00:15+00:00,ow,ICN,NRT,2026-10-15T12:55:00+09:00,,ZG,140226
2026-09-20T02:00:15+00:00,ow,ICN,NRT,2026-12-07T07:35:00+09:00,,BX,140430
2026-09-20T02:00:15+00:00,ow,ICN,NRT,2026-12-24T13:05:00+09:00,,ZG,143384
2026-09-20T02:00:15+00:00,ow,ICN,NRT,2026-11-27T13:05:00+09:00,,ZG,144447
2026-09-20T02:00:15+00:00,ow,ICN,NRT,2026-11-28T17:15:00+09:00,,ZG,144447
2026-09-20T02:00:15+00:00,ow,ICN,NRT,2026-11-13T16:10:00+09:00,,ZE,145350
2026-09-20T02:00:15+00:00,ow,ICN,NRT,2026-10-17T15:35:00+09:00,,LJ,147765
2026-09-20T02:00:15+00:00,ow,ICN,NRT,2026-10-18T07:25:00+09:00,,LJ,147765
2026-09-20T02:00:15+00:00,ow,ICN,NRT,2026-12-11T12:40:00+09:00,,MM,151146
2026-09-20T02:00:15+00:00,ow,ICN,NRT,2026-11-06T07:15:00+09:00,,7C,151378
2026-09-20T02:00:15+00:00,ow,ICN,NRT,2026-11-07T08:10:00+09:00,,7C,151460
2026-09-20T02:00:15+00:00,ow,ICN,NRT,2026-12-04T11:30:00+09:00,,7C,151599
2026-09-20T02:00:15+00:00,ow,ICN,HND,2027-01-21T22:50:00+09:00,,MM,152445
2026-09-20T02:00:15+00:00,ow,ICN,NRT,2026-10-09T16:15:00+09:00,,BX,153480
2026-09-20T02:00:15+00:00,ow,ICN,NRT,2027-03-10T07:15:00+09:00,,7C,153668
2026-09-20T02:00:15+00:00,ow,ICN,NRT,2026-10-08T15:05:00+09:00,,ZG,154186
2026-09-20T02:00:15+00:00,ow,ICN,NRT,2026-12-15T12:40:00+09:00,,MM,154200
2026-09-20T02:00:15+00:00,ow,ICN,HND,2027-01-27T22:50:00+09:00,,MM,154367
2026-09-20T02:00:15+00:00,ow,ICN,NRT,2026-10-16T13:50:00+09:00,,YP,154548
2026-09-20T02:00:15+00:00,ow,ICN,HND,2027-01-29T22:50:00+09:00,,MM,154612
2026-09-20T02:00:15+00:00,ow,ICN,NRT,2027-02-21T12:40:00+09:00,,MM,154749
2026-09-20T02:00:15+00:00,ow,ICN,NRT,2027-03-01T12:40:00+09:00,,MM,154758
2026-09-20T02:00:15+00:00,ow,ICN,NRT,2027-03-15T07:15:00+09:00,,7C,155331
2026-09-20T02:00:15+00:00,ow,ICN,NRT,2027-03-14T08:45:00+09:00,,YP,156354
2026-09-20T02:00:15+00:00,ow,ICN,NRT,2027-01-30T13:05:00+09:00,,ZG,163745
2026-09-20T02:00:15+00:00,ow,ICN,NRT,2027-02-12T13:05:00+09:00,,ZG,164566
2026-09-20T02:00:15+00:00,ow,ICN,NRT,2027-02-11T13:05:00+09:00,,ZG,165171
2026-09-20T02:00:15+00:00,ow,ICN,NRT,2027-02-10T13:05:00+09:00,,ZG,165686
2026-09-20T02:00:15+00:00,ow,ICN,NRT,2027-02-04T09:50:00+09:00,,WE,165955
2026-09-20T02:00:15+00:00,ow,ICN,NRT,2027-01-23T13:05:00+09:00,,ZG,165992
2026-09-20T02:00:15+00:00,ow,ICN,NRT,2026-12-21T13:05:00+09:00,,ZG,166195
2026-09-20T02:00:15+00:00,ow,ICN,NRT,2027-01-14T13:05:00+09:00,,ZG,167003
2026-09-20T02:00:15+00:00,ow,ICN,NRT,2027-03-13T12:40:00+09:00,,MM,170148
2026-09-20T02:00:15+00:00,ow,ICN,NRT,2026-12-18T14:50:00+09:00,,7C,172092
2026-09-20T02:00:15+00:00,ow,ICN,NRT,2026-12-12T12:40:00+09:00,,MM,172400
2026-09-20T02:00:15+00:00,ow,ICN,NRT,2027-01-31T13:05:00+09:00,,ZG,173051
2026-09-20T02:00:15+00:00,ow,ICN,NRT,2026-12-20T08:10:00+09:00,,7C,174182
2026-09-20T02:00:15+00:00,ow,ICN,NRT,2027-01-12T13:05:00+09:00,,ZG,174790
2026-09-20T02:00:15+00:00,ow,ICN,NRT,2027-03-18T08:45:00+09:00,,YP,175176
2026-09-20T02:00:15+00:00,ow,ICN,NRT,2026-12-26T08:45:00+09:00,,YP,175724
2026-09-20T02:00:15+00:00,ow,ICN,NRT,2026-12-28T07:15:00+09:00,,7C,178765
2026-09-20T02:00:15+00:00,ow,ICN,NRT,2026-12-27T09:50:00+09:00,,7C,179824
2026-09-20T02:00:15+00:00,ow,ICN,NRT,2026-11-15T07:15:00+09:00,,7C,181254
2026-09-20T02:00:15+00:00,ow,ICN,NRT,2027-03-12T12:40:00+09:00,,MM,181405
2026-09-20T02:00:15+00:00,ow,ICN,NRT,2027-01-09T13:05:00+09:00,,ZG,182846
2026-09-20T02:00:15+00:00,ow,ICN,NRT,2026-12-25T16:10:00+09:00,,ZE,183515
2026-09-20T02:00:15+00:00,ow,ICN,NRT,2026-12-29T07:00:00+09:00,,ZE,184351
2026-09-20T02:00:15+00:00,ow,ICN,NRT,2027-03-06T13:05:00+09:00,,ZG,185658
2026-09-20T02:00:15+00:00,ow,ICN,NRT,2026-11-23T08:45:00+09:00,,YP,186623
2026-09-20T02:00:15+00:00,ow,ICN,NRT,2026-09-30T20:10:00+09:00,,TW,188019
2026-09-20T02:00:15+00:00,ow,ICN,NRT,2026-10-05T07:25:00+09:00,,LJ,189729
2026-09-20T02:00:15+00:00,ow,ICN,NRT,2027-02-05T13:05:00+09:00,,ZG,190154
2026-09-20T02:00:15+00:00,ow,ICN,HND,2027-01-05T22:50:00+09:00,,MM,194425
2026-09-20T02:00:15+00:00,ow,ICN,NRT,2027-02-22T08:45:00+09:00,,YP,194890
2026-09-20T02:00:15+00:00,ow,ICN,NRT,2027-03-19T12:40:00+09:00,,MM,197200
2026-09-20T02:00:15+00:00,ow,ICN,HND,2027-01-17T22:50:00+09:00,,MM,197208
2026-09-20T02:00:15+00:00,ow,ICN,NRT,2027-03-05T12:40:00+09:00,,MM,197552
2026-09-20T02:00:15+00:00,ow,ICN,NRT,2026-10-04T07:55:00+09:00,,LJ,203918
2026-09-20T02:00:15+00:00,ow,ICN,NRT,2027-01-07T13:05:00+09:00,,ZG,204543
2026-09-20T02:00:15+00:00,ow,ICN,NRT,2026-09-28T20:10:00+09:00,,TW,206053
2026-09-20T02:00:15+00:00,ow,ICN,NRT,2026-10-01T15:10:00+09:00,,ZE,210027
2026-09-20T02:00:15+00:00,ow,ICN,NRT,2026-12-30T12:40:00+09:00,,MM,214429
2026-09-20T02:00:15+00:00,ow,ICN,NRT,2026-10-03T16:15:00+09:00,,BX,214478
2026-09-20T02:00:15+00:00,ow,ICN,NRT,2027-02-23T12:40:00+09:00,,MM,215232
2026-09-20T02:00:15+00:00,ow,ICN,HND,2027-01-11T22:50:00+09:00,,MM,215440
2026-09-20T02:00:15+00:00,ow,ICN,NRT,2027-01-08T12:40:00+09:00,,MM,217474
2026-09-20T02:00:15+00:00,ow,ICN,NRT,2026-09-21T07:10:00+09:00,,BX,220241
2026-09-20T02:00:15+00:00,ow,ICN,NRT,2026-10-12T07:25:00+09:00,,LJ,232431
2026-09-20T02:00:15+00:00,ow,ICN,NRT,2026-10-02T14:10:00+09:00,,ZE,238424
2026-09-20T02:00:15+00:00,ow,ICN,NRT,2027-01-10T13:05:00+09:00,,ZG,249389
2026-09-20T02:00:15+00:00,ow,ICN,NRT,2026-09-27T13:20:00+09:00,,7C,255307
2026-09-20T02:00:15+00:00,ow,ICN,NRT,2026-09-20T14:10:00+09:00,,ZE,267231
2026-09-20T02:00:15+00:00,ow,ICN,HND,2027-01-01T22:50:00+09:00,,MM,273187
2026-09-20T02:00:15+00:00,ow,ICN,HND,2026-12-31T22:50:00+09:00,,MM,273234
2026-09-20T02:00:15+00:00,ow,ICN,NRT,2027-01-04T08:25:00+09:00,,7C,302076
2026-09-20T02:00:15+00:00,ow,ICN,HND,2026-09-26T22:35:00+09:00,,MM,305843
2026-09-20T02:00:15+00:00,ow,ICN,NRT,2027-01-03T13:05:00+09:00,,ZG,345195
2026-09-20T02:00:15+00:00,ow,ICN,NRT,2027-01-02T13:05:00+09:00,,ZG,347133
2026-09-20T02:00:15+00:00,ow,ICN,HND,2026-09-25T22:35:00+09:00,,MM,381557
2026-09-20T02:00:15+00:00,ow,ICN,NRT,2026-09-22T09:20:00+09:00,,RS,607909
2026-09-20T02:00:15+00:00,ow,ICN,NRT,2026-09-23T10:25:00+09:00,,7C,757973
2026-09-20T02:00:15+00:00,ow,ICN,NRT,2026-09-24T16:15:00+09:00,,BX,781065
2026-09-20T02:00:15+00:00,ow,NRT,ICN,2026-09-22T21:45:00+09:00,,TW,93008
2026-09-20T02:00:15+00:00,ow,NRT,ICN,2026-09-23T20:10:00+09:00,,TW,97491
2026-09-20T02:00:15+00:00,ow,NRT,ICN,2026-09-26T21:45:00+09:00,,TW,108124
2026-09-20T02:00:15+00:00,ow,NRT,ICN,2026-09-24T21:45:00+09:00,,TW,108777
2026-09-20T02:00:15+00:00,ow,NRT,ICN,2026-09-28T21:45:00+09:00,,TW,115720
2026-09-20T02:00:15+00:00,ow,NRT,ICN,2026-09-29T21:45:00+09:00,,TW,116005
2026-09-20T02:00:15+00:00,ow,NRT,ICN,2026-09-25T14:20:00+09:00,,WE,116399
2026-09-20T02:00:15+00:00,ow,NRT,ICN,2026-09-30T16:20:00+09:00,,ZE,130616
2026-09-20T02:00:15+00:00,ow,NRT,ICN,2026-10-01T10:50:00+09:00,,ZE,145810
2026-09-20T02:00:15+00:00,ow,NRT,ICN,2027-03-10T12:50:00+09:00,,RS,149112
2026-09-20T02:00:15+00:00,ow,NRT,ICN,2026-12-09T12:50:00+09:00,,RS,149391
2026-09-20T02:00:15+00:00,ow,NRT,ICN,2026-11-04T12:50:00+09:00,,RS,150118
2026-09-20T02:00:15+00:00,ow,NRT,ICN,2026-12-08T12:50:00+09:00,,RS,151017
2026-09-20T02:00:15+00:00,ow,NRT,ICN,2027-02-23T12:50:00+09:00,,RS,151585
2026-09-20T02:00:15+00:00,ow,NRT,ICN,2027-03-02T20:00:00+09:00,,RS,152888
2026-09-20T02:00:15+00:00,ow,NRT,ICN,2026-11-10T19:05:00+09:00,,BX,153064
2026-09-20T02:00:15+00:00,ow,NRT,ICN,2026-10-28T19:05:00+09:00,,BX,154823
2026-09-20T02:00:15+00:00,ow,NRT,ICN,2026-11-11T19:05:00+09:00,,BX,154991
2026-09-20T02:00:15+00:00,ow,NRT,ICN,2026-11-03T19:05:00+09:00,,BX,155369
2026-09-20T02:00:15+00:00,ow,NRT,ICN,2026-10-27T19:05:00+09:00,,BX,155615
2026-09-20T02:00:15+00:00,ow,NRT,ICN,2026-10-26T19:05:00+09:00,,BX,155685
2026-09-20T02:00:15+00:00,ow,NRT,ICN,2026-12-01T19:05:00+09:00,,BX,156239
2026-09-20T02:00:15+00:00,ow,NRT,ICN,2026-12-15T19:05:00+09:00,,BX,156263
2026-09-20T02:00:15+00:00,ow,NRT,ICN,2026-11-09T19:05:00+09:00,,BX,156357
2026-09-20T02:00:15+00:00,ow,NRT,ICN,2026-10-21T19:55:00+09:00,,BX,156489
2026-09-20T02:00:15+00:00,ow,NRT,ICN,2026-11-26T19:05:00+09:00,,BX,156753
2026-09-20T02:00:15+00:00,ow,NRT,ICN,2027-01-06T08:30:00+09:00,,MM,157603
2026-09-20T02:00:15+00:00,ow,NRT,ICN,2026-11-25T19:05:00+09:00,,BX,157911
2026-09-20T02:00:15+00:00,ow,NRT,ICN,2026-12-02T12:50:00+09:00,,RS,158030
2026-09-20T02:00:15+00:00,ow,NRT,ICN,2027-01-12T08:30:00+09:00,,MM,158062
2026-09-20T02:00:15+00:00,ow,NRT,ICN,2026-11-24T12:50:00+09:00,,RS,158654
2026-09-20T02:00:15+00:00,ow,NRT,ICN,2026-11-18T20:00:00+09:00,,RS,158818
2026-09-20T02:00:15+00:00,ow,NRT,ICN,2026-11-17T20:00:00+09:00,,RS,159067
2026-09-20T02:00:15+00:00,ow,NRT,ICN,2027-01-05T08:30:00+09:00,,MM,164139
2026-09-20T02:00:15+00:00,ow,NRT,ICN,2027-01-07T08:30:00+09:00,,MM,165095
2026-09-20T02:00:15+00:00,ow,NRT,ICN,2026-12-24T08:30:00+09:00,,MM,167718
2026-09-20T02:00:15+00:00,ow,NRT,ICN,2026-09-27T08:40:00+09:00,,TW,167720
2026-09-20T02:00:15+00:00,ow,NRT,ICN,2026-10-16T19:55:00+09:00,,BX,168413
2026-09-20T02:00:15+00:00,ow,NRT,ICN,2026-10-15T19:55:00+09:00,,BX,168853
2026-09-20T02:00:15+00:00,ow,NRT,ICN,2026-10-29T11:10:00+09:00,,BX,168853
2026-09-20T02:00:15+00:00,ow,NRT,ICN,2026-11-05T19:05:00+09:00,,BX,168853
2026-09-20T02:00:15+00:00,ow,NRT,ICN,2026-12-16T08:55:00+09:00,,ZG,170133
2026-09-20T02:00:15+00:00,ow,NRT,ICN,2026-11-12T10:55:00+09:00,,ZG,170233
2026-09-20T02:00:15+00:00,ow,NRT,ICN,2026-12-23T08:30:00+09:00,,MM,170954
2026-09-20T02:00:15+00:00,ow,NRT,ICN,2026-11-06T19:05:00+09:00,,BX,172121
2026-09-20T02:00:15+00:00,ow,NRT,ICN,2026-12-22T08:30:00+09:00,,MM,175258
2026-09-20T02:00:15+00:00,ow,NRT,ICN,2026-10-20T09:30:00+09:00,,MM,175599
2026-09-20T02:00:15+00:00,ow,NRT,ICN,2026-09-21T14:20:00+09:00,,WE,177732
2026-09-20T02:00:15+00:00,ow,NRT,ICN,2026-12-14T08:30:00+09:00,,MM,178138
2026-09-20T02:00:15+00:00,ow,NRT,ICN,2026-10-03T18:55:00+09:00,,TW,178781
2026-09-20T02:00:15+00:00,ow,NRT,ICN,2026-11-19T11:45:00+09:00,,WE,180105
2026-09-20T02:00:15+00:00,ow,NRT,ICN,2026-10-02T14:20:00+09:00,,WE,180678
2026-09-20T02:00:15+00:00,ow,NRT,ICN,2026-12-06T08:30:00+09:00,,MM,180842
2026-09-20T02:00:15+00:00,ow,NRT,ICN,2027-02-03T08:30:00+09:00,,MM,180891
2026-09-20T02:00:15+00:00,ow,NRT,ICN,2026-10-22T18:55:00+09:00,,TW,181253
2026-09-20T02:00:15+00:00,ow,NRT,ICN,2026-11-27T20:30:00+09:00,,ET,181368
2026-09-20T02:00:15+00:00,ow,NRT,ICN,2026-12-03T12:30:00+09:00,,YP,183040
2026-09-20T02:00:15+00:00,ow,NRT,ICN,2027-03-03T12:30:00+09:00,,YP,184363
2026-09-20T02:00:15+00:00,ow,NRT,ICN,2026-11-23T20:00:00+09:00,,RS,185438
2026-09-20T02:00:15+00:00,ow,NRT,ICN,2026-12-12T12:30:00+09:00,,YP,185732
2026-09-20T02:00:15+00:00,ow,NRT,ICN,2027-03-16T12:30:00+09:00,,YP,186213
2026-09-20T02:00:15+00:00,ow,NRT,ICN,2026-12-07T08:30:00+09:00,,MM,186311
2026-09-20T02:00:15+00:00,ow,NRT,ICN,2027-03-17T12:30:00+09:00,,YP,187005
2026-09-20T02:00:15+00:00,ow,NRT,ICN,2027-02-02T08:55:00+09:00,,ZG,187182
2026-09-20T02:00:15+00:00,ow,NRT,ICN,2026-11-02T10:55:00+09:00,,ZG,187559
2026-09-20T02:00:15+00:00,ow,NRT,ICN,2026-11-30T10:55:00+09:00,,ZG,187897
2026-09-20T02:00:15+00:00,ow,NRT,ICN,2027-02-04T08:55:00+09:00,,ZG,188136
2026-09-20T02:00:15+00:00,ow,NRT,ICN,2026-11-28T12:30:00+09:00,,YP,188266
2026-09-20T02:00:15+00:00,ow,NRT,ICN,2027-03-18T12:30:00+09:00,,YP,188364
2026-09-20T02:00:15+00:00,ow,NRT,ICN,2026-12-10T11:50:00+09:00,,7C,188500
2026-09-20T02:00:15+00:00,ow,NRT,ICN,2026-12-11T11:35:00+09:00,,7C,189697
2026-09-20T02:00:15+00:00,ow,NRT,ICN,2026-12-13T12:30:00+09:00,,YP,189784
2026-09-20T02:00:15+00:00,ow,NRT,ICN,2027-03-04T12:30:00+09:00,,YP,191140
2026-09-20T02:00:15+00:00,ow,NRT,ICN,2026-12-21T08:30:00+09:00,,MM,192549
2026-09-20T02:00:15+00:00,ow,NRT,ICN,2026-10-14T11:40:00+09:00,,7C,193865
2026-09-20T02:00:15+00:00,ow,NRT,ICN,2026-12-18T14:00:00+09:00,,TW,195216
2026-09-20T02:00:15+00:00,ow,NRT,ICN,2027-01-10T08:30:00+09:00,,MM,195341
2026-09-20T02:00:15+00:00,ow,NRT,ICN,2027-01-04T08:30:00+09:00,,MM,196001
2026-09-20T02:00:15+00:00,ow,NRT,ICN,2026-11-07T14:00:00+09:00,,TW,196543
2026-09-20T02:00:15+00:00,ow,NRT,ICN,2027-02-06T12:30:00+09:00,,YP,198322
2026-09-20T02:00:15+00:00,ow,NRT,ICN,2026-11-13T11:50:00+09:00,,ZE,198547
2026-09-20T02:00:15+00:00,ow,NRT,ICN,2027-03-11T11:50:00+09:00,,7C,198957
2026-09-20T02:00:15+00:00,ow,NRT,ICN,2026-10-23T18:55:00+09:00,,TW,201017
2026-09-20T02:00:15+00:00,ow,NRT,ICN,2026-12-05T12:30:00+09:00,,YP,201114
2026-09-20T02:00:15+00:00,ow,NRT,ICN,2027-01-30T08:55:00+09:00,,ZG,204180
2026-09-20T02:00:15+00:00,ow,NRT,ICN,2027-01-29T08:55:00+09:00,,ZG,204663
2026-09-20T02:00:15+00:00,ow,NRT,ICN,2026-11-08T10:55:00+09:00,,ZG,204919
2026-09-20T02:00:15+00:00,ow,NRT,ICN,2026-11-29T10:55:00+09:00,,ZG,204969
2026-09-20T02:00:15+00:00,ow,NRT,ICN,2026-11-15T10:55:00+09:00,,ZG,204973
2026-09-20T02:00:15+00:00,ow,NRT,ICN,2027-02-01T08:55:00+09:00,,ZG,207197
2026-09-20T02:00:15+00:00,ow,NRT,ICN,2027-03-07T12:30:00+09:00,,YP,208604
2026-09-20T02:00:15+00:00,ow,NRT,ICN,2026-11-16T10:40:00+09:00,,7C,210356
2026-09-20T02:00:15+00:00,ow,NRT,ICN,2026-12-04T12:30:00+09:00,,YP,212129
2026-09-20T02:00:15+00:00,ow,NRT,ICN,2026-10-04T13:25:00+09:00,,LJ,213230
2026-09-20T02:00:15+00:00,ow,NRT,ICN,2026-10-07T14:20:00+09:00,,TW,213460
2026-09-20T02:00:15+00:00,ow,NRT,ICN,2026-10-19T12:30:00+09:00,,YP,213980
2026-09-20T02:00:15+00:00,ow,NRT,ICN,2026-10-24T12:30:00+09:00,,YP,215538
2026-09-20T02:00:15+00:00,ow,NRT,ICN,2026-10-25T08:30:00+09:00,,MM,219311
2026-09-20T02:00:15+00:00,ow,NRT,ICN,2026-10-30T14:00:00+09:00,,TW,220029
2026-09-20T02:00:15+00:00,ow,NRT,ICN,2027-03-14T08:30:00+09:00,,MM,220660
2026-09-20T02:00:15+00:00,ow,NRT,ICN,2027-01-31T08:55:00+09:00,,ZG,222657
2026-09-20T02:00:15+00:00,ow,NRT,ICN,2026-11-14T10:55:00+09:00,,ZG,223236
2026-09-20T02:00:15+00:00,ow,NRT,ICN,2027-03-13T08:30:00+09:00,,MM,224040
2026-09-20T02:00:15+00:00,ow,NRT,ICN,2027-01-17T08:55:00+09:00,,ZG,224052
2026-09-20T02:00:15+00:00,ow,NRT,ICN,2026-11-20T13:25:00+09:00,,WE,225922
2026-09-20T02:00:15+00:00,ow,NRT,ICN,2026-10-13T12:05:00+09:00,,TW,226845
2026-09-20T02:00:15+00:00,ow,NRT,ICN,2026-10-08T14:20:00+09:00,,WE,228701
2026-09-20T02:00:15+00:00,ow,NRT,ICN,2026-10-17T13:15:00+09:00,,7C,229460
2026-09-20T02:00:15+00:00,ow,NRT,ICN,2026-10-12T10:40:00+09:00,,ZG,235499
2026-09-20T02:00:15+00:00,ow,NRT,ICN,2026-10-18T11:45:00+09:00,,LJ,240817
2026-09-20T02:00:15+00:00,ow,NRT,ICN,2026-11-22T10:55:00+09:00,,ZG,241943
2026-09-20T02:00:15+00:00,ow,NRT,ICN,2027-01-09T12:30:00+09:00,,YP,245869
2026-09-20T02:00:15+00:00,ow,NRT,ICN,2026-11-01T12:30:00+09:00,,YP,251086
2026-09-20T02:00:15+00:00,ow,NRT,ICN,2027-01-08T10:40:00+09:00,,7C,258959
2026-09-20T02:00:15+00:00,ow,NRT,ICN,2026-10-09T14:20:00+09:00,,WE,262415
2026-09-20T02:00:15+00:00,ow,NRT,ICN,2026-10-31T11:55:00+09:00,,TW,262984
2026-09-20T02:00:15+00:00,ow,NRT,ICN,2026-12-25T11:00:00+09:00,,ZE,267016
2026-09-20T02:00:15+00:00,ow,NRT,ICN,2026-10-06T11:40:00+09:00,,RS,268740
2026-09-20T02:00:15+00:00,ow,NRT,ICN,2027-01-01T08:55:00+09:00,,ZG,277664
2026-09-20T02:00:15+00:00,ow,NRT,ICN,2026-09-20T19:50:00+09:00,,7C,307732
2026-09-20T02:00:15+00:00,ow,NRT,ICN,2026-12-30T08:30:00+09:00,,MM,314073
2026-09-20T02:00:15+00:00,ow,NRT,ICN,2026-11-21T19:50:00+09:00,,7C,323818
2026-09-20T02:00:15+00:00,ow,NRT,ICN,2026-10-05T10:50:00+09:00,,ZE,326849
2026-09-20T02:00:15+00:00,ow,NRT,ICN,2026-10-10T13:15:00+09:00,,7C,349214
2026-09-20T02:00:15+00:00,ow,NRT,ICN,2026-10-11T11:40:00+09:00,,7C,367548
2026-09-20T02:00:15+00:00,ow,NRT,ICN,2026-12-29T11:20:00+09:00,,ZE,370708
2026-09-20T02:00:15+00:00,ow,NRT,ICN,2026-12-28T11:50:00+09:00,,ZE,377308
2026-09-20T02:00:15+00:00,ow,NRT,ICN,2026-12-27T08:30:00+09:00,,MM,416532
2026-09-20T02:00:15+00:00,rt,ICN,NRT,2026-12-01T09:20:00+09:00,2026-12-15T12:50:00+09:00,RS,222198
2026-09-20T02:00:15+00:00,rt,ICN,HND,2026-12-09T22:50:00+09:00,2026-12-16T12:50:00+09:00,MM,227338
2026-09-20T02:00:15+00:00,rt,ICN,HND,2026-12-02T22:50:00+09:00,2026-12-08T12:50:00+09:00,MM,227962
2026-09-20T02:00:15+00:00,rt,ICN,HND,2026-12-09T22:50:00+09:00,2026-12-15T12:50:00+09:00,MM,227978
2026-09-20T02:00:15+00:00,rt,ICN,NRT,2026-12-10T12:40:00+09:00,2026-12-15T12:50:00+09:00,MM,231082
2026-09-20T02:00:15+00:00,rt,ICN,HND,2027-01-19T22:50:00+09:00,2027-01-28T08:55:00+09:00,MM,235777
2026-09-20T02:00:15+00:00,rt,ICN,NRT,2026-11-02T08:10:00+09:00,2026-11-04T20:00:00+09:00,RS,246001
2026-09-20T02:00:15+00:00,rt,ICN,NRT,2026-10-10T14:10:00+09:00,2026-11-12T10:55:00+09:00,ZE,250660
2026-09-20T02:00:15+00:00,rt,ICN,NRT,2026-10-10T14:10:00+09:00,2026-10-15T16:20:00+09:00,ZE,250764
2026-09-20T02:00:15+00:00,rt,ICN,NRT,2026-11-04T09:20:00+09:00,2026-11-10T12:50:00+09:00,RS,252559
2026-09-20T02:00:15+00:00,rt,ICN,NRT,2026-11-04T08:10:00+09:00,2026-11-11T20:00:00+09:00,RS,252618
2026-09-20T02:00:15+00:00,rt,ICN,NRT,2026-10-28T09:50:00+09:00,2026-11-04T19:05:00+09:00,WE,254026
2026-09-20T02:00:15+00:00,rt,ICN,NRT,2026-12-01T12:40:00+09:00,2026-12-03T12:30:00+09:00,MM,254289
2026-09-20T02:00:15+00:00,rt,ICN,HND,2026-12-09T22:50:00+09:00,2026-12-14T08:30:00+09:00,MM,254289
2026-09-20T02:00:15+00:00,rt,ICN,NRT,2026-10-20T09:50:00+09:00,2026-10-28T19:05:00+09:00,WE,254820
2026-09-20T02:00:15+00:00,rt,ICN,NRT,2026-10-14T08:35:00+09:00,2026-10-21T18:55:00+09:00,TW,254887
2026-09-20T02:00:15+00:00,rt,ICN,NRT,2026-09-29T07:10:00+09:00,2026-09-29T21:45:00+09:00,BX,256681
2026-09-20T02:00:15+00:00,rt,ICN,NRT,2026-10-29T07:30:00+09:00,2026-11-02T12:50:00+09:00,LJ,257625
2026-09-20T02:00:15+00:00,rt,ICN,NRT,2026-11-09T09:20:00+09:00,2026-11-12T12:50:00+09:00,RS,259589
2026-09-20T02:00:15+00:00,rt,ICN,HND,2027-01-14T22:50:00+09:00,2027-01-21T08:55:00+09:00,MM,259725
2026-09-20T02:00:15+00:00,rt,ICN,NRT,2026-11-04T09:20:00+09:00,2026-11-12T12:50:00+09:00,RS,260272
2026-09-20T02:00:15+00:00,rt,ICN,NRT,2026-10-14T08:35:00+09:00,2026-11-12T10:55:00+09:00,TW,260550
2026-09-20T02:00:15+00:00,rt,ICN,NRT,2026-10-28T08:35:00+09:00,2026-11-10T19:05:00+09:00,TW,262023
2026-09-20T02:00:15+00:00,rt,ICN,NRT,2026-11-10T09:20:00+09:00,2026-11-24T12:50:00+09:00,RS,262038
2026-09-20T02:00:15+00:00,rt,ICN,NRT,2026-12-01T09:20:00+09:00,2026-12-08T20:00:00+09:00,RS,263496
2026-09-20T02:00:15+00:00,rt,ICN,NRT,2026-10-20T09:20:00+09:00,2026-10-22T19:55:00+09:00,RS,263977
2026-09-20T02:00:15+00:00,rt,ICN,NRT,2026-10-27T08:10:00+09:00,2026-11-03T19:05:00+09:00,RS,264490
2026-09-20T02:00:15+00:00,rt,ICN,NRT,2026-11-30T09:20:00+09:00,2026-12-10T12:50:00+09:00,RS,264784
2026-09-20T02:00:15+00:00,rt,ICN,NRT,2026-12-02T08:10:00+09:00,2026-12-02T19:05:00+09:00,RS,265224
2026-09-20T02:00:15+00:00,rt,ICN,HND,2026-12-09T22:50:00+09:00,2026-12-12T12:30:00+09:00,MM,265293
2026-09-20T02:00:15+00:00,rt,ICN,NRT,2026-11-17T08:10:00+09:00,2026-11-26T19:05:00+09:00,RS,265480
2026-09-20T02:00:15+00:00,rt,ICN,NRT,2026-11-01T07:15:00+09:00,2026-11-10T20:00:00+09:00,7C,266886
2026-09-20T02:00:15+00:00,rt,ICN,NRT,2026-11-04T08:10:00+09:00,2026-11-16T12:50:00+09:00,RS,267174
2026-09-20T02:00:15+00:00,rt,ICN,HND,2026-12-02T22:50:00+09:00,2026-12-11T12:30:00+09:00,MM,267692
2026-09-20T02:00:15+00:00,rt,ICN,NRT,2026-11-30T07:15:00+09:00,2026-12-09T12:50:00+09:00,ZE,267698
2026-09-20T02:00:15+00:00,rt,ICN,NRT,2026-12-03T12:40:00+09:00,2026-12-12T12:30:00+09:00,MM,268680
2026-09-20T02:00:15+00:00,rt,ICN,NRT,2026-11-16T07:15:00+09:00,2026-11-19T11:50:00+09:00,7C,268871
2026-09-20T02:00:15+00:00,rt,ICN,NRT,2026-10-10T14:10:00+09:00,2026-10-14T14:05:00+09:00,ZE,270746
2026-09-20T02:00:15+00:00,rt,ICN,NRT,2026-10-20T09:20:00+09:00,2026-11-10T19:05:00+09:00,RS,270907
2026-09-20T02:00:15+00:00,rt,ICN,NRT,2026-10-27T09:50:00+09:00,2026-11-05T10:55:00+09:00,WE,272421
2026-09-20T02:00:15+00:00,rt,ICN,NRT,2026-10-20T09:20:00+09:00,2026-11-04T11:10:00+09:00,RS,272431
2026-09-20T02:00:15+00:00,rt,ICN,NRT,2026-10-07T14:10:00+09:00,2026-10-14T14:20:00+09:00,ZE,272782
2026-09-20T02:00:15+00:00,rt,ICN,NRT,2026-11-12T07:15:00+09:00,2026-11-25T20:00:00+09:00,7C,275416
2026-09-20T02:00:15+00:00,rt,ICN,NRT,2026-11-10T08:10:00+09:00,2026-11-12T10:55:00+09:00,RS,275854
2026-09-20T02:00:15+00:00,rt,ICN,NRT,2026-09-30T07:25:00+09:00,2026-09-30T16:20:00+09:00,ZE,276686
2026-09-20T02:00:15+00:00,rt,ICN,NRT,2026-11-09T07:15:00+09:00,2026-11-17T20:00:00+09:00,7C,276888
2026-09-20T02:00:15+00:00,rt,ICN,NRT,2026-11-30T07:15:00+09:00,2026-12-02T12:50:00+09:00,7C,277102
2026-09-20T02:00:15+00:00,rt,ICN,NRT,2027-03-09T08:10:00+09:00,2027-03-11T20:00:00+09:00,RS,277421
2026-09-20T02:00:15+00:00,rt,ICN,NRT,2026-10-06T08:35:00+09:00,2026-10-14T19:55:00+09:00,TW,277631
2026-09-20T02:00:15+00:00,rt,ICN,NRT,2026-11-10T08:10:00+09:00,2026-11-15T10:55:00+09:00,RS,278068
2026-09-20T02:00:15+00:00,rt,ICN,NRT,2026-10-22T12:55:00+09:00,2026-11-10T12:50:00+09:00,ZG,278273
2026-09-20T02:00:15+00:00,rt,ICN,NRT,2026-12-06T16:40:00+09:00,2026-12-16T12:50:00+09:00,RS,280273
2026-09-20T02:00:15+00:00,rt,ICN,NRT,2026-10-20T09:20:00+09:00,2026-10-26T19:05:00+09:00,RS,281059
2026-09-20T02:00:15+00:00,rt,ICN,NRT,2026-11-04T08:35:00+09:00,2026-11-09T19:05:00+09:00,TW,281250
2026-09-20T02:00:15+00:00,rt,ICN,NRT,2026-11-15T07:35:00+09:00,2026-11-27T11:50:00+09:00,BX,281445
2026-09-20T02:00:15+00:00,rt,ICN,HND,2026-12-09T22:50:00+09:00,2026-12-13T12:30:00+09:00,MM,282341
2026-09-20T02:00:15+00:00,rt,ICN,NRT,2026-11-02T07:15:00+09:00,2026-11-05T10:55:00+09:00,7C,283622
2026-09-20T02:00:15+00:00,rt,ICN,NRT,2026-10-20T09:20:00+09:00,2026-10-29T11:50:00+09:00,RS,284586
2026-09-20T02:00:15+00:00,rt,ICN,NRT,2026-09-21T07:10:00+09:00,2026-09-24T21:45:00+09:00,BX,285918
2026-09-20T02:00:15+00:00,rt,ICN,NRT,2026-10-22T12:55:00+09:00,2026-10-29T10:55:00+09:00,ZG,287263
2026-09-20T02:00:15+00:00,rt,ICN,NRT,2026-09-21T07:10:00+09:00,2026-09-23T21:45:00+09:00,BX,288116
2026-09-20T02:00:15+00:00,rt,ICN,NRT,2026-10-25T07:15:00+09:00,2026-10-29T19:05:00+09:00,7C,290255
2026-09-20T02:00:15+00:00,rt,ICN,HND,2026-12-01T22:50:00+09:00,2026-12-04T12:30:00+09:00,MM,290832
2026-09-20T02:00:15+00:00,rt,ICN,NRT,2026-11-08T07:15:00+09:00,2026-11-10T20:00:00+09:00,7C,291128
2026-09-20T02:00:15+00:00,rt,ICN,NRT,2026-10-30T15:15:00+09:00,2026-11-02T11:10:00+09:00,LJ,291243
2026-09-20T02:00:15+00:00,rt,ICN,NRT,2026-12-05T12:40:00+09:00,2026-12-08T12:50:00+09:00,MM,291456
2026-09-20T02:00:15+00:00,rt,ICN,NRT,2026-11-08T07:15:00+09:00,2026-11-11T19:05:00+09:00,7C,291475
2026-09-20T02:00:15+00:00,rt,ICN,NRT,2026-11-09T08:10:00+09:00,2026-11-15T10:55:00+09:00,RS,292051
2026-09-20T02:00:15+00:00,rt,ICN,NRT,2027-03-15T09:20:00+09:00,2027-03-23T12:30:00+09:00,RS,292125
2026-09-20T02:00:15+00:00,rt,ICN,NRT,2026-11-21T07:35:00+09:00,2026-12-03T12:30:00+09:00,BX,292733
2026-09-20T02:00:15+00:00,rt,ICN,NRT,2026-10-17T15:00:00+09:00,2026-11-12T10:55:00+09:00,TW,292953
2026-09-20T02:00:15+00:00,rt,ICN,NRT,2026-11-11T08:10:00+09:00,2026-11-16T10:55:00+09:00,RS,293345
2026-09-20T02:00:15+00:00,rt,ICN,NRT,2026-10-18T07:25:00+09:00,2026-10-22T18:30:00+09:00,LJ,293857
2026-09-20T02:00:15+00:00,rt,ICN,NRT,2026-10-11T07:25:00+09:00,2026-10-14T14:20:00+09:00,ZE,293953
2026-09-20T02:00:15+00:00,rt,ICN,NRT,2026-10-13T15:05:00+09:00,2026-10-15T19:55:00+09:00,ZG,295190
2026-09-20T02:00:15+00:00,rt,ICN,NRT,2026-11-10T08:25:00+09:00,2026-11-23T10:55:00+09:00,7C,295439
2026-09-20T02:00:15+00:00,rt,ICN,NRT,2026-10-14T08:35:00+09:00,2026-10-15T18:55:00+09:00,TW,295567
2026-09-20T02:00:15+00:00,rt,ICN,NRT,2026-11-17T08:25:00+09:00,2026-11-25T12:50:00+09:00,7C,296208
2026-09-20T02:00:15+00:00,rt,ICN,NRT,2026-11-11T08:10:00+09:00,2026-11-23T10:55:00+09:00,RS,296555
2026-09-20T02:00:15+00:00,rt,ICN,NRT,2026-10-23T15:00:00+09:00,2026-10-29T19:05:00+09:00,TW,298348
2026-09-20T02:00:15+00:00,rt,ICN,NRT,2026-10-10T10:20:00+09:00,2026-10-20T12:05:00+09:00,TW,298591
2026-09-20T02:00:15+00:00,rt,ICN,NRT,2026-12-16T15:35:00+09:00,2026-12-23T08:30:00+09:00,BX,298939
2026-09-20T02:00:15+00:00,rt,ICN,NRT,2027-03-04T09:20:00+09:00,2027-03-11T20:00:00+09:00,RS,299330
2026-09-20T02:00:15+00:00,rt,ICN,NRT,2026-11-02T09:20:00+09:00,2026-11-19T10:55:00+09:00,RS,300070
2026-09-20T02:00:15+00:00,rt,ICN,NRT,2026-09-29T16:15:00+09:00,2026-10-02T14:20:00+09:00,BX,301135
2026-09-20T02:00:15+00:00,rt,ICN,NRT,2026-11-24T09:20:00+09:00,2026-11-30T10:55:00+09:00,RS,301184
2026-09-20T02:00:15+00:00,rt,ICN,NRT,2026-11-25T08:10:00+09:00,2026-12-12T12:30:00+09:00,RS,301261
2026-09-20T02:00:15+00:00,rt,ICN,NRT,2026-11-08T07:15:00+09:00,2026-11-09T19:05:00+09:00,7C,301425
2026-09-20T02:00:15+00:00,rt,ICN,NRT,2026-12-01T12:40:00+09:00,2027-01-17T08:55:00+09:00,MM,301933
2026-09-20T02:00:15+00:00,rt,ICN,NRT,2026-12-03T12:40:00+09:00,2027-01-17T08:55:00+09:00,MM,302082
2026-09-20T02:00:15+00:00,rt,ICN,NRT,2026-10-26T08:05:00+09:00,2026-11-09T11:10:00+09:00,LJ,302522
2026-09-20T02:00:15+00:00,rt,ICN,NRT,2026-09-29T07:10:00+09:00,2026-10-01T10:50:00+09:00,BX,302651
2026-09-20T02:00:15+00:00,rt,ICN,NRT,2026-10-28T11:20:00+09:00,2026-11-08T10:55:00+09:00,WE,302987
2026-09-20T02:00:15+00:00,rt,ICN,NRT,2026-11-19T09:20:00+09:00,2026-11-23T12:50:00+09:00,RS,303613
2026-09-20T02:00:15+00:00,rt,ICN,NRT,2026-11-10T07:15:00+09:00,2026-11-13T13:15:00+09:00,7C,304219
2026-09-20T02:00:15+00:00,rt,ICN,NRT,2026-11-13T16:10:00+09:00,2026-11-18T20:00:00+09:00,ZE,304267
2026-09-20T02:00:15+00:00,rt,ICN,NRT,2027-02-21T12:40:00+09:00,2027-03-02T20:00:00+09:00,MM,304431
2026-09-20T02:00:15+00:00,rt,ICN,NRT,2026-11-10T08:10:00+09:00,2026-11-14T11:50:00+09:00,7C,305679
2026-09-20T02:00:15+00:00,rt,ICN,NRT,2026-10-15T13:35:00+09:00,2026-10-28T19:05:00+09:00,MM,306187
2026-09-20T02:00:15+00:00,rt,ICN,NRT,2026-11-06T07:15:00+09:00,2026-11-11T19:05:00+09:00,7C,307190
2026-09-20T02:00:15+00:00,rt,ICN,NRT,2026-09-28T20:10:00+09:00,2026-10-01T10:50:00+09:00,TW,307792
2026-09-20T02:00:15+00:00,rt,ICN,NRT,2026-12-05T12:40:00+09:00,2026-12-06T08:30:00+09:00,MM,308667
2026-09-20T02:00:15+00:00,rt,ICN,NRT,2026-11-27T13:05:00+09:00,2026-11-30T10:55:00+09:00,ZG,309302
2026-09-20T02:00:15+00:00,rt,ICN,NRT,2026-11-25T09:20:00+09:00,2026-11-29T10:55:00+09:00,RS,310393
2026-09-20T02:00:15+00:00,rt,ICN,NRT,2026-11-18T09:20:00+09:00,2026-11-25T19:05:00+09:00,RS,311012
2026-09-20T02:00:15+00:00,rt,ICN,NRT,2026-11-06T07:15:00+09:00,2026-11-09T19:05:00+09:00,7C,312692
2026-09-20T02:00:15+00:00,rt,ICN,NRT,2026-10-13T15:05:00+09:00,2026-10-22T20:10:00+09:00,ZG,313672
2026-09-20T02:00:15+00:00,rt,ICN,NRT,2026-10-20T07:25:00+09:00,2026-10-24T11:45:00+09:00,LJ,314507
2026-09-20T02:00:15+00:00,rt,ICN,NRT,2026-11-13T14:50:00+09:00,2026-11-16T12:50:00+09:00,7C,315102
2026-09-20T02:00:15+00:00,rt,ICN,NRT,2026-10-07T14:10:00+09:00,2026-10-13T13:05:00+09:00,ZE,315942
2026-09-20T02:00:15+00:00,rt,ICN,NRT,2026-10-21T13:20:00+09:00,2026-10-24T13:15:00+09:00,7C,316595
2026-09-20T02:00:15+00:00,rt,ICN,NRT,2026-10-31T15:30:00+09:00,2026-11-04T08:30:00+09:00,TW,318061
2026-09-20T02:00:15+00:00,rt,ICN,NRT,2026-12-03T07:15:00+09:00,2026-12-03T13:15:00+09:00,7C,318947
2026-09-20T02:00:15+00:00,rt,ICN,NRT,2026-10-15T15:00:00+09:00,2026-10-19T12:05:00+09:00,TW,318972
2026-09-20T02:00:15+00:00,rt,ICN,NRT,2026-10-27T11:20:00+09:00,2026-10-30T19:05:00+09:00,WE,319097
2026-09-20T02:00:15+00:00,rt,ICN,NRT,2026-10-19T07:25:00+09:00,2026-10-26T11:50:00+09:00,ZE,319563
2026-09-20T02:00:15+00:00,rt,ICN,NRT,2026-11-29T07:15:00+09:00,2026-12-03T13:15:00+09:00,7C,320563
2026-09-20T02:00:15+00:00,rt,ICN,NRT,2026-10-15T12:55:00+09:00,2026-10-22T18:55:00+09:00,ZG,320970
2026-09-20T02:00:15+00:00,rt,ICN,NRT,2026-10-26T08:35:00+09:00,2026-11-15T10:55:00+09:00,TW,321075
2026-09-20T02:00:15+00:00,rt,ICN,NRT,2026-10-22T12:55:00+09:00,2026-10-28T10:55:00+09:00,ZG,321407
2026-09-20T02:00:15+00:00,rt,ICN,NRT,2026-12-07T08:10:00+09:00,2026-12-13T12:30:00+09:00,7C,322382
2026-09-20T02:00:15+00:00,rt,ICN,NRT,2026-10-14T12:55:00+09:00,2026-10-20T11:40:00+09:00,ZG,322529
2026-09-20T02:00:15+00:00,rt,ICN,NRT,2026-11-20T17:15:00+09:00,2026-11-29T10:55:00+09:00,ZG,322957
2026-09-20T02:00:15+00:00,rt,ICN,NRT,2026-09-21T15:05:00+09:00,2026-09-29T21:45:00+09:00,ZG,323938
2026-09-20T02:00:15+00:00,rt,ICN,NRT,2026-11-14T07:15:00+09:00,2026-11-16T10:55:00+09:00,7C,324599
2026-09-20T02:00:15+00:00,rt,ICN,NRT,2026-10-07T09:20:00+09:00,2026-10-12T10:40:00+09:00,RS,325787
2026-09-20T02:00:15+00:00,rt,ICN,NRT,2026-10-09T16:25:00+09:00,2026-10-14T13:15:00+09:00,7C,325815
2026-09-20T02:00:15+00:00,rt,ICN,NRT,2026-09-21T09:20:00+09:00,2026-09-28T08:40:00+09:00,RS,326899
2026-09-20T02:00:15+00:00,rt,ICN,NRT,2026-10-13T15:05:00+09:00,2026-10-17T14:05:00+09:00,ZG,327157
2026-09-20T02:00:15+00:00,rt,ICN,NRT,2026-10-05T07:25:00+09:00,2026-10-19T11:45:00+09:00,LJ,328129
2026-09-20T02:00:15+00:00,rt,ICN,NRT,2026-12-10T12:40:00+09:00,2026-12-13T08:30:00+09:00,MM,328407
2026-09-20T02:00:15+00:00,rt,ICN,NRT,2026-11-22T07:15:00+09:00,2026-11-28T11:50:00+09:00,ZE,329937
2026-09-20T02:00:15+00:00,rt,ICN,NRT,2027-03-08T09:20:00+09:00,2027-03-14T08:30:00+09:00,RS,330736
2026-09-20T02:00:15+00:00,rt,ICN,NRT,2026-11-14T07:15:00+09:00,2026-11-15T10:55:00+09:00,7C,330824
2026-09-20T02:00:15+00:00,rt,ICN,HND,2026-12-25T22:50:00+09:00,2027-01-06T08:30:00+09:00,MM,330946
2026-09-20T02:00:15+00:00,rt,ICN,NRT,2026-12-14T08:45:00+09:00,2026-12-19T12:30:00+09:00,YP,332768
2026-09-20T02:00:15+00:00,rt,ICN,NRT,2027-03-15T09:20:00+09:00,2027-03-27T08:55:00+09:00,RS,333486
2026-09-20T02:00:15+00:00,rt,ICN,NRT,2026-09-28T15:10:00+09:00,2026-09-29T14:20:00+09:00,ZE,333715
2026-09-20T02:00:15+00:00,rt,ICN,NRT,2026-11-20T12:40:00+09:00,2026-11-23T20:00:00+09:00,MM,334835
2026-09-20T02:00:15+00:00,rt,ICN,NRT,2026-11-26T09:20:00+09:00,2026-11-29T10:55:00+09:00,RS,335012
2026-09-20T02:00:15+00:00,rt,ICN,NRT,2026-10-30T16:20:00+09:00,2026-11-09T10:40:00+09:00,7C,335661
2026-09-20T02:00:15+00:00,rt,ICN,NRT,2026-11-20T12:40:00+09:00,2026-11-30T10:55:00+09:00,MM,335712
2026-09-20T02:00:15+00:00,rt,ICN,NRT,2027-03-01T07:15:00+09:00,2027-03-08T11:50:00+09:00,7C,336075
2026-09-20T02:00:15+00:00,rt,ICN,NRT,2026-10-07T07:25:00+09:00,2026-10-07T14:20:00+09:00,ZE,338733
2026-09-20T02:00:15+00:00,rt,ICN,NRT,2026-10-07T14:10:00+09:00,2026-10-08T10:40:00+09:00,ZE,339174
2026-09-20T02:00:15+00:00,rt,ICN,NRT,2026-11-14T17:15:00+09:00,2026-11-17T20:00:00+09:00,ZG,339232
2026-09-20T02:00:15+00:00,rt,ICN,NRT,2026-11-22T07:15:00+09:00,2026-11-29T11:20:00+09:00,ZE,339611
2026-09-20T02:00:15+00:00,rt,ICN,NRT,2026-11-21T17:15:00+09:00,2026-12-06T08:30:00+09:00,ZG,339920
2026-09-20T02:00:15+00:00,rt,ICN,NRT,2026-12-01T09:20:00+09:00,2026-12-12T12:30:00+09:00,RS,340207
2026-09-20T02:00:15+00:00,rt,ICN,NRT,2026-11-28T07:15:00+09:00,2026-12-02T19:50:00+09:00,7C,340757
2026-09-20T02:00:15+00:00,rt,ICN,NRT,2026-12-05T16:20:00+09:00,2026-12-12T11:50:00+09:00,7C,340757
2026-09-20T02:00:15+00:00,rt,ICN,NRT,2027-03-05T12:40:00+09:00,2027-03-08T20:00:00+09:00,MM,340827
2026-09-20T02:00:15+00:00,rt,ICN,NRT,2027-03-15T07:15:00+09:00,2027-03-25T11:50:00+09:00,7C,341202
2026-09-20T02:00:15+00:00,rt,ICN,NRT,2026-12-07T07:35:00+09:00,2026-12-24T08:30:00+09:00,BX,344254
2026-09-20T02:00:15+00:00,rt,ICN,NRT,2026-11-12T08:10:00+09:00,2026-11-22T10:55:00+09:00,RS,344523
2026-09-20T02:00:15+00:00,rt,ICN,NRT,2026-10-17T15:35:00+09:00,2026-10-20T11:45:00+09:00,LJ,344753
2026-09-20T02:00:15+00:00,rt,ICN,NRT,2026-10-22T12:55:00+09:00,2026-10-25T08:30:00+09:00,ZG,345889
2026-09-20T02:00:15+00:00,rt,ICN,NRT,2026-11-03T07:30:00+09:00,2026-11-07T13:00:00+09:00,LJ,347593
2026-09-20T02:00:15+00:00,rt,ICN,NRT,2026-11-13T16:10:00+09:00,2026-11-15T10:55:00+09:00,ZE,347987
2026-09-20T02:00:15+00:00,rt,ICN,NRT,2026-11-07T08:10:00+09:00,2026-11-08T10:55:00+09:00,7C,349202
2026-09-20T02:00:15+00:00,rt,ICN,NRT,2026-11-07T17:15:00+09:00,2026-11-17T10:55:00+09:00,ZG,350565
2026-09-20T02:00:15+00:00,rt,ICN,NRT,2026-10-11T07:25:00+09:00,2026-10-18T11:45:00+09:00,ZE,350663
2026-09-20T02:00:15+00:00,rt,ICN,NRT,2026-11-02T08:10:00+09:00,2026-11-07T11:50:00+09:00,7C,351584
2026-09-20T02:00:15+00:00,rt,ICN,NRT,2027-03-11T09:20:00+09:00,2027-03-14T08:30:00+09:00,RS,352245
2026-09-20T02:00:15+00:00,rt,ICN,NRT,2026-12-22T16:20:00+09:00,2027-01-10T08:30:00+09:00,7C,352463
2026-09-20T02:00:15+00:00,rt,ICN,NRT,2027-03-11T07:15:00+09:00,2027-03-23T10:40:00+09:00,7C,353097
2026-09-20T02:00:15+00:00,rt,ICN,NRT,2026-10-16T13:35:00+09:00,2026-10-18T11:45:00+09:00,MM,353477
2026-09-20T02:00:15+00:00,rt,ICN,NRT,2026-09-20T15:05:00+09:00,2026-09-27T11:40:00+09:00,ZG,355119
2026-09-20T02:00:15+00:00,rt,ICN,NRT,2027-02-21T12:40:00+09:00,2027-02-25T12:30:00+09:00,MM,357890
2026-09-20T02:00:15+00:00,rt,ICN,NRT,2026-11-17T09:20:00+09:00,2026-11-22T10:55:00+09:00,RS,358562
2026-09-20T02:00:15+00:00,rt,ICN,NRT,2026-11-06T07:15:00+09:00,2026-11-08T11:50:00+09:00,ZE,358895
2026-09-20T02:00:15+00:00,rt,ICN,NRT,2026-10-27T08:25:00+09:00,2026-11-01T13:00:00+09:00,7C,361192
2026-09-20T02:00:15+00:00,rt,ICN,NRT,2026-10-29T07:35:00+09:00,2026-11-01T12:30:00+09:00,BX,361306
2026-09-20T02:00:15+00:00,rt,ICN,NRT,2026-10-16T13:50:00+09:00,2026-10-19T12:30:00+09:00,YP,362525
2026-09-20T02:00:15+00:00,rt,ICN,NRT,2026-11-19T13:05:00+09:00,2026-11-30T10:55:00+09:00,ZG,362667
2026-09-20T02:00:15+00:00,rt,ICN,HND,2026-12-17T22:50:00+09:00,2026-12-25T08:30:00+09:00,MM,363934
2026-09-20T02:00:15+00:00,rt,ICN,NRT,2026-10-27T08:25:00+09:00,2026-10-31T13:15:00+09:00,7C,364115
2026-09-20T02:00:15+00:00,rt,ICN,NRT,2027-01-07T12:40:00+09:00,2027-01-19T08:30:00+09:00,MM,364755
2026-09-20T02:00:15+00:00,rt,ICN,NRT,2026-10-08T07:10:00+09:00,2026-10-08T14:20:00+09:00,BX,365938
2026-09-20T02:00:15+00:00,rt,ICN,NRT,2026-10-13T15:05:00+09:00,2026-10-18T13:15:00+09:00,ZG,367078
2026-09-20T02:00:15+00:00,rt,ICN,NRT,2027-03-19T13:05:00+09:00,2027-03-30T18:30:00+09:00,ZG,367969
2026-09-20T02:00:15+00:00,rt,ICN,NRT,2027-02-04T09:50:00+09:00,2027-02-07T08:55:00+09:00,WE,368081
2026-09-20T02:00:15+00:00,rt,ICN,NRT,2026-09-30T20:10:00+09:00,2026-10-03T18:55:00+09:00,TW,368615
2026-09-20T02:00:15+00:00,rt,ICN,NRT,2026-10-14T12:55:00+09:00,2026-10-18T11:40:00+09:00,ZG,369207
2026-09-20T02:00:15+00:00,rt,ICN,NRT,2026-10-03T15:00:00+09:00,2026-11-12T10:55:00+09:00,TW,371813
2026-09-20T02:00:15+00:00,rt,ICN,NRT,2026-10-09T16:15:00+09:00,2026-10-13T09:30:00+09:00,BX,374183
2026-09-20T02:00:15+00:00,rt,ICN,NRT,2026-10-28T08:10:00+09:00,2026-10-31T19:50:00+09:00,RS,374200
2026-09-20T02:00:15+00:00,rt,ICN,NRT,2026-11-19T07:15:00+09:00,2026-11-22T10:55:00+09:00,7C,374289
2026-09-20T02:00:15+00:00,rt,ICN,NRT,2027-03-01T12:40:00+09:00,2027-03-26T08:55:00+09:00,MM,375230
2026-09-20T02:00:15+00:00,rt,ICN,NRT,2026-09-29T10:25:00+09:00,2026-10-15T19:50:00+09:00,7C,376191
2026-09-20T02:00:15+00:00,rt,ICN,NRT,2026-12-19T12:40:00+09:00,2027-01-04T08:30:00+09:00,MM,377501
2026-09-20T02:00:15+00:00,rt,ICN,NRT,2026-10-12T07:25:00+09:00,2026-10-15T11:45:00+09:00,LJ,380407
2026-09-20T02:00:15+00:00,rt,ICN,NRT,2027-02-15T12:40:00+09:00,2027-02-22T12:30:00+09:00,MM,381635
2026-09-20T02:00:15+00:00,rt,ICN,NRT,2026-09-27T10:25:00+09:00,2026-09-28T18:30:00+09:00,7C,382230
2026-09-20T02:00:15+00:00,rt,ICN,NRT,2026-10-18T07:55:00+09:00,2026-11-01T10:55:00+09:00,LJ,382910
2026-09-20T02:00:15+00:00,rt,ICN,NRT,2027-01-25T13:05:00+09:00,2027-01-31T08:55:00+09:00,ZG,385663
2026-09-20T02:00:15+00:00,rt,ICN,NRT,2026-10-05T09:50:00+09:00,2026-10-16T15:20:00+09:00,WE,386172
2026-09-20T02:00:15+00:00,rt,ICN,NRT,2027-01-14T13:05:00+09:00,2027-01-30T08:30:00+09:00,ZG,386233
2026-09-20T02:00:15+00:00,rt,ICN,NRT,2026-12-28T12:40:00+09:00,2027-01-04T11:50:00+09:00,MM,386934
2026-09-20T02:00:15+00:00,rt,ICN,NRT,2026-10-06T08:35:00+09:00,2026-10-09T14:20:00+09:00,TW,387406
2026-09-20T02:00:15+00:00,rt,ICN,NRT,2026-10-02T16:15:00+09:00,2026-10-04T12:30:00+09:00,BX,388111
2026-09-20T02:00:15+00:00,rt,ICN,NRT,2027-02-26T12:40:00+09:00,2027-03-05T08:30:00+09:00,MM,389560
2026-09-20T02:00:15+00:00,rt,ICN,NRT,2027-03-14T09:50:00+09:00,2027-03-27T08:55:00+09:00,WE,390548
2026-09-20T02:00:15+00:00,rt,ICN,NRT,2026-09-30T13:35:00+09:00,2026-10-04T11:30:00+09:00,MM,390869
2026-09-20T02:00:15+00:00,rt,ICN,NRT,2026-10-15T12:55:00+09:00,2026-10-31T14:00:00+09:00,ZG,394745
2026-09-20T02:00:15+00:00,rt,ICN,NRT,2026-10-05T08:10:00+09:00,2026-10-07T09:30:00+09:00,7C,394869
2026-09-20T02:00:15+00:00,rt,ICN,NRT,2027-03-16T07:15:00+09:00,2027-03-19T08:30:00+09:00,7C,394964
2026-09-20T02:00:15+00:00,rt,ICN,NRT,2027-02-16T12:40:00+09:00,2027-02-21T08:55:00+09:00,MM,395287
2026-09-20T02:00:15+00:00,rt,ICN,NRT,2026-10-03T15:35:00+09:00,2026-10-07T11:10:00+09:00,LJ,395760
2026-09-20T02:00:15+00:00,rt,ICN,NRT,2026-10-12T07:25:00+09:00,2026-10-14T11:45:00+09:00,LJ,397873
2026-09-20T02:00:15+00:00,rt,ICN,NRT,2027-01-19T07:15:00+09:00,2027-01-19T11:50:00+09:00,7C,398691
2026-09-20T02:00:15+00:00,rt,ICN,NRT,2026-12-24T13:05:00+09:00,2027-01-02T08:55:00+09:00,ZG,398828
2026-09-20T02:00:15+00:00,rt,ICN,NRT,2026-09-26T20:10:00+09:00,2026-10-03T18:55:00+09:00,TW,400102
2026-09-20T02:00:15+00:00,rt,ICN,NRT,2027-03-13T12:40:00+09:00,2027-03-26T08:55:00+09:00,MM,403035
2026-09-20T02:00:15+00:00,rt,ICN,NRT,2026-10-07T14:10:00+09:00,2026-10-09T14:40:00+09:00,ZE,403685
2026-09-20T02:00:15+00:00,rt,ICN,NRT,2027-01-16T13:05:00+09:00,2027-01-17T08:55:00+09:00,ZG,404747
2026-09-20T02:00:15+00:00,rt,ICN,NRT,2026-10-23T13:20:00+09:00,2026-11-20T10:55:00+09:00,7C,404962
2026-09-20T02:00:15+00:00,rt,ICN,NRT,2027-01-09T13:05:00+09:00,2027-01-17T08:55:00+09:00,ZG,408868
2026-09-20T02:00:15+00:00,rt,ICN,NRT,2026-10-12T07:55:00+09:00,2026-10-25T11:10:00+09:00,LJ,411761
2026-09-20T02:00:15+00:00,rt,ICN,NRT,2026-10-01T09:50:00+09:00,2026-10-07T14:20:00+09:00,WE,412826
2026-09-20T02:00:15+00:00,rt,ICN,NRT,2026-09-28T16:25:00+09:00,2026-10-14T19:50:00+09:00,7C,413869
2026-09-20T02:00:15+00:00,rt,ICN,NRT,2026-11-14T07:15:00+09:00,2026-11-14T13:15:00+09:00,7C,415001
2026-09-20T02:00:15+00:00,rt,ICN,NRT,2026-10-06T09:50:00+09:00,2026-10-06T14:20:00+09:00,WE,415601
2026-09-20T02:00:15+00:00,rt,ICN,NRT,2026-10-03T15:00:00+09:00,2026-10-18T11:45:00+09:00,7C,415648
2026-09-20T02:00:15+00:00,rt,ICN,NRT,2026-10-12T07:55:00+09:00,2026-10-19T11:45:00+09:00,LJ,420167
2026-09-20T02:00:15+00:00,rt,ICN,NRT,2026-09-25T20:10:00+09:00,2026-09-30T08:40:00+09:00,TW,421911
2026-09-20T02:00:15+00:00,rt,ICN,NRT,2026-10-01T15:10:00+09:00,2026-10-04T10:50:00+09:00,ZE,422797
2026-09-20T02:00:15+00:00,rt,ICN,NRT,2026-10-03T15:00:00+09:00,2026-10-19T12:30:00+09:00,TW,423975
2026-09-20T02:00:15+00:00,rt,ICN,NRT,2026-10-10T10:20:00+09:00,2026-10-10T20:10:00+09:00,TW,426507
2026-09-20T02:00:15+00:00,rt,ICN,NRT,2026-09-30T15:00:00+09:00,2026-10-16T14:20:00+09:00,TW,427787
2026-09-20T02:00:15+00:00,rt,ICN,NRT,2026-12-29T12:40:00+09:00,2027-01-03T08:30:00+09:00,MM,427792
2026-09-20T02:00:15+00:00,rt,ICN,NRT,2026-10-07T14:10:00+09:00,2026-10-11T11:40:00+09:00,ZE,431557
2026-09-20T02:00:15+00:00,rt,ICN,NRT,2026-10-05T09:50:00+09:00,2026-10-09T14:20:00+09:00,WE,434028
2026-09-20T02:00:15+00:00,rt,ICN,NRT,2026-10-01T15:10:00+09:00,2026-10-17T17:30:00+09:00,ZE,435066
2026-09-20T02:00:15+00:00,rt,ICN,NRT,2026-10-12T10:20:00+09:00,2026-10-18T12:50:00+09:00,TW,442697
2026-09-20T02:00:15+00:00,rt,ICN,NRT,2027-02-13T13:05:00+09:00,2027-02-20T08:55:00+09:00,ZG,442982
2026-09-20T02:00:15+00:00,rt,ICN,NRT,2026-10-10T14:10:00+09:00,2026-10-11T18:55:00+09:00,ZE,443540
2026-09-20T02:00:15+00:00,rt,ICN,HND,2027-01-05T22:50:00+09:00,2027-01-08T12:30:00+09:00,MM,443951
2026-09-20T02:00:15+00:00,rt,ICN,NRT,2027-01-01T12:40:00+09:00,2027-01-07T08:30:00+09:00,MM,448174
2026-09-20T02:00:15+00:00,rt,ICN,NRT,2027-02-02T08:25:00+09:00,2027-02-09T08:30:00+09:00,7C,451923
2026-09-20T02:00:15+00:00,rt,ICN,NRT,2026-10-03T16:45:00+09:00,2026-10-06T13:05:00+09:00,RS,452936
2026-09-20T02:00:15+00:00,rt,ICN,NRT,2027-01-04T13:05:00+09:00,2027-01-20T08:55:00+09:00,ZG,456560
2026-09-20T02:00:15+00:00,rt,ICN,NRT,2026-11-22T09:20:00+09:00,2026-11-22T20:00:00+09:00,RS,456785
2026-09-20T02:00:15+00:00,rt,ICN,NRT,2027-01-01T13:05:00+09:00,2027-01-06T08:55:00+09:00,ZG,457739
2026-09-20T02:00:15+00:00,rt,ICN,NRT,2026-10-02T17:15:00+09:00,2026-10-18T20:40:00+09:00,ET,458400
2026-09-20T02:00:15+00:00,rt,ICN,NRT,2027-01-30T13:05:00+09:00,2027-02-09T08:30:00+09:00,ZG,460293
2026-09-20T02:00:15+00:00,rt,ICN,NRT,2027-02-23T12:40:00+09:00,2027-02-23T20:00:00+09:00,MM,460887
2026-09-20T02:00:15+00:00,rt,ICN,NRT,2026-10-08T15:05:00+09:00,2026-10-10T14:20:00+09:00,ZG,465877
2026-09-20T02:00:15+00:00,rt,ICN,NRT,2026-10-07T14:45:00+09:00,2026-10-10T19:15:00+09:00,LJ,473436
2026-09-20T02:00:15+00:00,rt,ICN,NRT,2026-12-28T12:40:00+09:00,2026-12-31T11:00:00+09:00,MM,473530
2026-09-20T02:00:15+00:00,rt,ICN,NRT,2026-10-08T07:10:00+09:00,2026-10-11T12:05:00+09:00,BX,479497
2026-09-20T02:00:15+00:00,rt,ICN,NRT,2026-12-30T12:40:00+09:00,2027-01-09T14:00:00+09:00,MM,481059
2026-09-20T02:00:15+00:00,rt,ICN,NRT,2026-09-27T09:45:00+09:00,2026-10-13T11:45:00+09:00,LJ,482916
2026-09-20T02:00:15+00:00,rt,ICN,NRT,2026-09-25T08:10:00+09:00,2026-09-25T18:30:00+09:00,7C,483220
2026-09-20T02:00:15+00:00,rt,ICN,NRT,2026-10-05T09:20:00+09:00,2026-10-11T10:50:00+09:00,RS,502905
2026-09-20T02:00:15+00:00,rt,ICN,NRT,2026-09-22T08:10:00+09:00,2026-09-25T18:30:00+09:00,RS,506561
2026-09-20T02:00:15+00:00,rt,ICN,NRT,2026-09-23T07:25:00+09:00,2026-09-26T10:50:00+09:00,ZE,509795
2026-09-20T02:00:15+00:00,rt,ICN,NRT,2026-09-24T14:10:00+09:00,2026-09-29T11:30:00+09:00,ZE,517988
2026-09-20T02:00:15+00:00,rt,ICN,NRT,2026-10-09T15:35:00+09:00,2026-10-11T11:45:00+09:00,LJ,520239
2026-09-20T02:00:15+00:00,rt,ICN,NRT,2026-09-22T09:25:00+09:00,2026-09-26T18:30:00+09:00,YP,522640
2026-09-20T02:00:15+00:00,rt,ICN,NRT,2026-09-22T09:25:00+09:00,2026-09-29T10:50:00+09:00,YP,524511
2026-09-20T02:00:15+00:00,rt,ICN,NRT,2026-10-01T08:00:00+09:00,2026-10-10T14:20:00+09:00,ZE,528735
2026-09-20T02:00:15+00:00,rt,ICN,NRT,2026-12-14T07:15:00+09:00,2026-12-28T11:20:00+09:00,7C,530399
2026-09-20T02:00:15+00:00,rt,ICN,NRT,2026-09-22T09:25:00+09:00,2026-09-28T17:30:00+09:00,YP,535825
2026-09-20T02:00:15+00:00,rt,ICN,NRT,2026-09-25T18:15:00+09:00,2026-09-27T11:10:00+09:00,TW,538259
2026-09-20T02:00:15+00:00,rt,ICN,NRT,2026-09-22T09:25:00+09:00,2026-10-01T12:30:00+09:00,YP,546665
2026-09-20T02:00:15+00:00,rt,ICN,NRT,2027-01-04T13:05:00+09:00,2027-01-08T14:00:00+09:00,ZG,552344
2026-09-20T02:00:15+00:00,rt,ICN,NRT,2026-09-22T09:25:00+09:00,2026-09-30T11:40:00+09:00,YP,554861
2026-09-20T02:00:15+00:00,rt,ICN,NRT,2026-12-22T08:10:00+09:00,2026-12-27T12:30:00+09:00,RS,556092
2026-09-20T02:00:15+00:00,rt,ICN,HND,2026-12-19T22:50:00+09:00,2026-12-26T18:45:00+09:00,MM,565742
2026-09-20T02:00:15+00:00,rt,ICN,NRT,2026-10-01T07:10:00+09:00,2026-10-05T11:40:00+09:00,BX,567387
2026-09-20T02:00:15+00:00,rt,ICN,NRT,2026-12-19T12:40:00+09:00,2026-12-27T08:30:00+09:00,MM,571642
2026-09-20T02:00:15+00:00,rt,ICN,NRT,2027-01-03T13:05:00+09:00,2027-01-08T12:30:00+09:00,ZG,576827
2026-09-20T02:00:15+00:00,rt,ICN,NRT,2027-01-02T13:05:00+09:00,2027-01-09T12:30:00+09:00,ZG,579781
2026-09-20T02:00:15+00:00,rt,ICN,NRT,2026-09-22T13:00:00+09:00,2026-09-27T08:40:00+09:00,KE,612607
2026-09-20T02:00:15+00:00,rt,ICN,NRT,2027-01-03T08:45:00+09:00,2027-01-09T10:40:00+09:00,YP,659222
2026-09-20T02:00:15+00:00,rt,ICN,NRT,2026-09-24T18:30:00+09:00,2026-09-28T12:50:00+09:00,OZ,668132
2026-09-20T02:00:15+00:00,rt,ICN,NRT,2026-09-24T11:20:00+09:00,2026-09-27T11:10:00+09:00,WE,673858
2026-09-20T02:00:15+00:00,rt,ICN,NRT,2026-09-23T11:20:00+09:00,2026-10-07T14:20:00+09:00,WE,713504
2026-09-20T02:00:15+00:00,rt,ICN,NRT,2026-09-24T20:10:00+09:00,2026-09-25T14:20:00+09:00,TW,722200
2026-09-20T02:00:15+00:00,rt,ICN,NRT,2026-09-24T17:15:00+09:00,2026-10-02T02:00:00+09:00,KE,840996
2026-09-20T02:00:15+00:00,rt,ICN,NRT,2026-09-23T08:25:00+09:00,2026-09-27T02:00:00+09:00,OZ,905015
2026-09-20T02:00:15+00:00,rt,ICN,NRT,2026-09-23T10:25:00+09:00,2026-10-01T13:15:00+09:00,7C,948538
2026-09-20T02:00:15+00:00,ow,ICN,KIX,2026-11-17T07:30:00+09:00,,MM,72166
2026-09-20T02:00:15+00:00,ow,ICN,KIX,2026-11-03T07:30:00+09:00,,MM,73858
2026-09-20T02:00:15+00:00,ow,ICN,KIX,2026-10-06T15:55:00+09:00,,TW,75944
2026-09-20T02:00:15+00:00,ow,ICN,KIX,2026-10-29T07:30:00+09:00,,MM,77291
2026-09-20T02:00:15+00:00,ow,ICN,KIX,2026-12-03T07:30:00+09:00,,MM,77537
2026-09-20T02:00:15+00:00,ow,ICN,KIX,2026-10-07T07:30:00+09:00,,MM,77553
2026-09-20T02:00:15+00:00,ow,ICN,KIX,2026-10-28T07:30:00+09:00,,MM,77936
2026-09-20T02:00:15+00:00,ow,ICN,KIX,2026-10-20T15:55:00+09:00,,TW,79386
2026-09-20T02:00:15+00:00,ow,ICN,KIX,2026-09-29T22:30:00+09:00,,TW,80049
2026-09-20T02:00:15+00:00,ow,ICN,KIX,2027-03-10T07:30:00+09:00,,MM,80905
2026-09-20T02:00:15+00:00,ow,ICN,KIX,2027-01-20T21:00:00+09:00,,MM,82257
2026-09-20T02:00:15+00:00,ow,ICN,KIX,2026-12-08T07:30:00+09:00,,MM,83453
2026-09-20T02:00:15+00:00,ow,ICN,KIX,2026-11-11T07:30:00+09:00,,MM,85116
2026-09-20T02:00:15+00:00,ow,ICN,KIX,2026-10-21T14:40:00+09:00,,MM,85249
2026-09-20T02:00:15+00:00,ow,ICN,KIX,2026-11-18T15:05:00+09:00,,MM,85486
2026-09-20T02:00:15+00:00,ow,ICN,KIX,2026-10-13T20:55:00+09:00,,MM,85555
2026-09-20T02:00:15+00:00,ow,ICN,KIX,2027-03-17T07:30:00+09:00,,MM,86888
2026-09-20T02:00:15+00:00,ow,ICN,KIX,2026-09-28T20:55:00+09:00,,MM,86915
2026-09-20T02:00:15+00:00,ow,ICN,KIX,2026-10-27T15:05:00+09:00,,BX,87379
2026-09-20T02:00:15+00:00,ow,ICN,KIX,2026-11-10T20:40:00+09:00,,LJ,90275
2026-09-20T02:00:15+00:00,ow,ICN,KIX,2026-11-24T15:20:00+09:00,,RS,93435
2026-09-20T02:00:15+00:00,ow,ICN,KIX,2026-11-15T10:35:00+09:00,,MM,93573
2026-09-20T02:00:15+00:00,ow,ICN,KIX,2026-12-02T21:00:00+09:00,,MM,93878
2026-09-20T02:00:15+00:00,ow,ICN,KIX,2026-10-30T15:05:00+09:00,,MM,94141
2026-09-20T02:00:15+00:00,ow,ICN,KIX,2026-11-25T13:10:00+09:00,,RS,94364
2026-09-20T02:00:15+00:00,ow,ICN,KIX,2026-11-04T13:10:00+09:00,,RS,96171
2026-09-20T02:00:15+00:00,ow,ICN,KIX,2026-11-02T07:30:00+09:00,,MM,96282
2026-09-20T02:00:15+00:00,ow,ICN,KIX,2026-12-22T13:10:00+09:00,,RS,96397
2026-09-20T02:00:15+00:00,ow,ICN,KIX,2027-03-07T18:50:00+09:00,,RS,96408
2026-09-20T02:00:15+00:00,ow,ICN,KIX,2027-03-15T13:10:00+09:00,,RS,96408
2026-09-20T02:00:15+00:00,ow,ICN,KIX,2027-02-22T13:10:00+09:00,,RS,96671
2026-09-20T02:00:15+00:00,ow,ICN,KIX,2026-12-01T15:20:00+09:00,,RS,96876
2026-09-20T02:00:15+00:00,ow,ICN,KIX,2026-10-26T15:05:00+09:00,,MM,96900
2026-09-20T02:00:15+00:00,ow,ICN,KIX,2027-03-08T13:10:00+09:00,,RS,97052
2026-09-20T02:00:15+00:00,ow,ICN,KIX,2026-12-04T18:50:00+09:00,,RS,97535
2026-09-20T02:00:15+00:00,ow,ICN,KIX,2026-10-14T20:55:00+09:00,,MM,97549
2026-09-20T02:00:15+00:00,ow,ICN,KIX,2027-02-21T15:20:00+09:00,,RS,97791
2026-09-20T02:00:15+00:00,ow,ICN,KIX,2026-11-16T07:55:00+09:00,,TW,98625
2026-09-20T02:00:15+00:00,ow,ICN,KIX,2026-10-10T17:45:00+09:00,,WE,99347
2026-09-20T02:00:15+00:00,ow,ICN,KIX,2027-03-14T10:35:00+09:00,,MM,99437
2026-09-20T02:00:15+00:00,ow,ICN,KIX,2027-02-26T13:10:00+09:00,,RS,100151
2026-09-20T02:00:15+00:00,ow,ICN,KIX,2026-11-30T07:30:00+09:00,,MM,100316
2026-09-20T02:00:15+00:00,ow,ICN,KIX,2027-01-22T21:00:00+09:00,,MM,100492
2026-09-20T02:00:15+00:00,ow,ICN,KIX,2026-11-01T10:35:00+09:00,,MM,100497
2026-09-20T02:00:15+00:00,ow,ICN,KIX,2027-03-18T07:30:00+09:00,,MM,100725
2026-09-20T02:00:15+00:00,ow,ICN,KIX,2026-12-07T07:30:00+09:00,,MM,105084
2026-09-20T02:00:15+00:00,ow,ICN,UKB,2026-11-09T13:35:00+09:00,,7C,105537
2026-09-20T02:00:15+00:00,ow,ICN,KIX,2026-10-31T16:55:00+09:00,,7C,106196
2026-09-20T02:00:15+00:00,ow,ICN,KIX,2026-12-10T21:00:00+09:00,,MM,106804
2026-09-20T02:00:15+00:00,ow,ICN,KIX,2026-11-29T13:10:00+09:00,,RS,107395
2026-09-20T02:00:15+00:00,ow,ICN,KIX,2027-02-18T15:20:00+09:00,,RS,107395
2026-09-20T02:00:15+00:00,ow,ICN,KIX,2026-10-25T13:10:00+09:00,,RS,107609
2026-09-20T02:00:15+00:00,ow,ICN,KIX,2027-03-11T15:20:00+09:00,,RS,107640
2026-09-20T02:00:15+00:00,ow,ICN,KIX,2026-11-05T15:20:00+09:00,,RS,107756
2026-09-20T02:00:15+00:00,ow,ICN,KIX,2026-11-12T15:20:00+09:00,,RS,107810
2026-09-20T02:00:15+00:00,ow,ICN,KIX,2026-10-11T17:45:00+09:00,,WE,109809
2026-09-20T02:00:15+00:00,ow,ICN,KIX,2027-02-16T10:35:00+09:00,,MM,110853
2026-09-20T02:00:15+00:00,ow,ICN,KIX,2027-01-14T21:00:00+09:00,,MM,111040
2026-09-20T02:00:15+00:00,ow,ICN,KIX,2027-01-16T21:00:00+09:00,,MM,111192
2026-09-20T02:00:15+00:00,ow,ICN,KIX,2027-01-18T21:00:00+09:00,,MM,112360
2026-09-20T02:00:15+00:00,ow,ICN,KIX,2027-02-25T07:30:00+09:00,,MM,113391
2026-09-20T02:00:15+00:00,ow,ICN,KIX,2026-11-14T15:50:00+09:00,,TW,113738
2026-09-20T02:00:15+00:00,ow,ICN,KIX,2026-11-13T15:20:00+09:00,,RS,116901
2026-09-20T02:00:15+00:00,ow,ICN,KIX,2026-11-21T15:20:00+09:00,,RS,117602
2026-09-20T02:00:15+00:00,ow,ICN,KIX,2026-11-19T15:20:00+09:00,,RS,117800
2026-09-20T02:00:15+00:00,ow,ICN,KIX,2026-09-30T22:30:00+09:00,,TW,117939
2026-09-20T02:00:15+00:00,ow,ICN,KIX,2026-11-27T15:20:00+09:00,,RS,118169
2026-09-20T02:00:15+00:00,ow,ICN,KIX,2026-12-12T15:20:00+09:00,,RS,118169
2026-09-20T02:00:15+00:00,ow,ICN,KIX,2026-11-20T15:20:00+09:00,,RS,118596
2026-09-20T02:00:15+00:00,ow,ICN,KIX,2026-11-07T13:10:00+09:00,,RS,118671
2026-09-20T02:00:15+00:00,ow,ICN,KIX,2026-10-19T14:40:00+09:00,,MM,120206
2026-09-20T02:00:15+00:00,ow,ICN,KIX,2026-10-09T19:20:00+09:00,,7C,120436
2026-09-20T02:00:15+00:00,ow,ICN,KIX,2026-12-28T10:35:00+09:00,,MM,121585
2026-09-20T02:00:15+00:00,ow,ICN,KIX,2026-12-29T10:35:00+09:00,,MM,123745
2026-09-20T02:00:15+00:00,ow,ICN,KIX,2026-11-28T15:05:00+09:00,,ZE,123821
2026-09-20T02:00:15+00:00,ow,ICN,KIX,2027-03-12T07:30:00+09:00,,MM,124114
2026-09-20T02:00:15+00:00,ow,ICN,KIX,2026-11-08T10:35:00+09:00,,MM,124131
2026-09-20T02:00:15+00:00,ow,ICN,KIX,2027-01-06T21:00:00+09:00,,MM,124147
2026-09-20T02:00:15+00:00,ow,ICN,KIX,2027-02-01T07:30:00+09:00,,MM,124817
2026-09-20T02:00:15+00:00,ow,ICN,KIX,2027-03-13T10:35:00+09:00,,MM,125221
2026-09-20T02:00:15+00:00,ow,ICN,KIX,2027-03-19T07:30:00+09:00,,MM,125374
2026-09-20T02:00:15+00:00,ow,ICN,KIX,2026-10-15T20:55:00+09:00,,MM,126201
2026-09-20T02:00:15+00:00,ow,ICN,KIX,2026-10-22T10:20:00+09:00,,MM,131292
2026-09-20T02:00:15+00:00,ow,ICN,KIX,2027-01-05T07:00:00+09:00,,7C,132096
2026-09-20T02:00:15+00:00,ow,ICN,KIX,2027-01-10T07:00:00+09:00,,7C,135332
2026-09-20T02:00:15+00:00,ow,ICN,UKB,2026-09-26T12:00:00+09:00,,OZ,136449
2026-09-20T02:00:15+00:00,ow,ICN,UKB,2027-01-04T13:35:00+09:00,,7C,136913
2026-09-20T02:00:15+00:00,ow,ICN,KIX,2026-11-22T07:30:00+09:00,,MM,138388
2026-09-20T02:00:15+00:00,ow,ICN,KIX,2026-10-12T03:25:00+09:00,,MM,138556
2026-09-20T02:00:15+00:00,ow,ICN,KIX,2026-11-06T15:05:00+09:00,,BX,139947
2026-09-20T02:00:15+00:00,ow,ICN,KIX,2027-02-20T15:05:00+09:00,,MM,149149
2026-09-20T02:00:15+00:00,ow,ICN,KIX,2026-12-27T07:30:00+09:00,,MM,149200
2026-09-20T02:00:15+00:00,ow,ICN,KIX,2026-10-16T15:10:00+09:00,,RS,149588
2026-09-20T02:00:15+00:00,ow,ICN,KIX,2027-02-19T10:35:00+09:00,,MM,150084
2026-09-20T02:00:15+00:00,ow,ICN,KIX,2026-12-26T21:00:00+09:00,,MM,150538
2026-09-20T02:00:15+00:00,ow,ICN,KIX,2027-01-07T15:05:00+09:00,,MM,151037
2026-09-20T02:00:15+00:00,ow,ICN,KIX,2026-09-20T17:45:00+09:00,,WE,153841
2026-09-20T02:00:15+00:00,ow,ICN,KIX,2026-09-27T20:55:00+09:00,,MM,158276
2026-09-20T02:00:15+00:00,ow,ICN,KIX,2026-10-24T18:45:00+09:00,,KE,160280
2026-09-20T02:00:15+00:00,ow,ICN,KIX,2026-10-17T17:45:00+09:00,,WE,160608
2026-09-20T02:00:15+00:00,ow,ICN,KIX,2026-12-30T16:55:00+09:00,,7C,161422
2026-09-20T02:00:15+00:00,ow,ICN,UKB,2026-10-05T08:25:00+09:00,,KE,162135
2026-09-20T02:00:15+00:00,ow,ICN,KIX,2026-10-18T20:55:00+09:00,,MM,164468
2026-09-20T02:00:15+00:00,ow,ICN,KIX,2026-10-23T17:00:00+09:00,,7C,165305
2026-09-20T02:00:15+00:00,ow,ICN,KIX,2027-02-23T20:40:00+09:00,,LJ,166444
2026-09-20T02:00:15+00:00,ow,ICN,KIX,2026-11-23T09:55:00+09:00,,ZE,174026
2026-09-20T02:00:15+00:00,ow,ICN,UKB,2026-10-01T15:50:00+09:00,,KE,175030
2026-09-20T02:00:15+00:00,ow,ICN,KIX,2026-12-25T20:40:00+09:00,,LJ,178235
2026-09-20T02:00:15+00:00,ow,ICN,UKB,2026-10-08T15:50:00+09:00,,KE,183979
2026-09-20T02:00:15+00:00,ow,ICN,KIX,2026-09-21T07:10:00+09:00,,7C,192224
2026-09-20T02:00:15+00:00,ow,ICN,KIX,2027-01-11T20:40:00+09:00,,LJ,192384
2026-09-20T02:00:15+00:00,ow,ICN,KIX,2026-09-25T22:30:00+09:00,,TW,196438
2026-09-20T02:00:15+00:00,ow,ICN,KIX,2026-10-04T14:05:00+09:00,,7C,202193
2026-09-20T02:00:15+00:00,ow,ICN,KIX,2026-12-31T21:00:00+09:00,,MM,204660
2026-09-20T02:00:15+00:00,ow,ICN,KIX,2027-01-03T08:05:00+09:00,,LJ,235747
2026-09-20T02:00:15+00:00,ow,ICN,KIX,2026-10-02T14:50:00+09:00,,BX,236239
2026-09-20T02:00:15+00:00,ow,ICN,KIX,2026-10-03T20:55:00+09:00,,MM,249920
2026-09-20T02:00:15+00:00,ow,ICN,KIX,2027-01-02T07:30:00+09:00,,MM,258609
2026-09-20T02:00:15+00:00,ow,ICN,KIX,2027-02-05T15:05:00+09:00,,BX,314388
2026-09-20T02:00:15+00:00,ow,ICN,KIX,2026-09-24T22:30:00+09:00,,TW,372005
2026-09-20T02:00:15+00:00,ow,ICN,UKB,2026-09-22T15:50:00+09:00,,KE,397559
2026-09-20T02:00:15+00:00,ow,ICN,UKB,2026-09-23T15:50:00+09:00,,KE,398717
2026-09-20T02:00:15+00:00,ow,KIX,ICN,2026-09-23T22:20:00+09:00,,LJ,68323
2026-09-20T02:00:15+00:00,ow,KIX,ICN,2026-09-24T22:20:00+09:00,,LJ,79540
2026-09-20T02:00:15+00:00,ow,KIX,ICN,2026-09-25T22:20:00+09:00,,LJ,79540
2026-09-20T02:00:15+00:00,ow,KIX,ICN,2027-01-06T07:40:00+09:00,,MM,98707
2026-09-20T02:00:15+00:00,ow,KIX,ICN,2026-09-22T01:30:00+09:00,,TW,104238
2026-09-20T02:00:15+00:00,ow,KIX,ICN,2026-09-30T00:15:00+09:00,,OZ,111473
2026-09-20T02:00:15+00:00,ow,KIX,ICN,2027-01-07T07:40:00+09:00,,MM,114934
2026-09-20T02:00:15+00:00,ow,KIX,ICN,2027-01-05T19:50:00+09:00,,MM,116702
2026-09-20T02:00:15+00:00,ow,KIX,ICN,2026-12-16T07:40:00+09:00,,MM,117247
2026-09-20T02:00:15+00:00,ow,KIX,ICN,2026-12-17T07:40:00+09:00,,MM,117736
2026-09-20T02:00:15+00:00,ow,KIX,ICN,2026-12-23T07:40:00+09:00,,MM,119469
2026-09-20T02:00:15+00:00,ow,KIX,ICN,2026-09-26T22:20:00+09:00,,LJ,126693
2026-09-20T02:00:15+00:00,ow,KIX,ICN,2026-12-22T07:40:00+09:00,,MM,127449
2026-09-20T02:00:15+00:00,ow,KIX,ICN,2027-01-20T07:40:00+09:00,,MM,127509
2026-09-20T02:00:15+00:00,ow,KIX,ICN,2026-12-15T07:40:00+09:00,,MM,134603
2026-09-20T02:00:15+00:00,ow,KIX,ICN,2026-12-10T11:45:00+09:00,,MM,134757
2026-09-20T02:00:15+00:00,ow,KIX,ICN,2027-01-14T07:40:00+09:00,,MM,135675
2026-09-20T02:00:15+00:00,ow,KIX,ICN,2026-09-29T12:10:00+09:00,,ZE,137697
2026-09-20T02:00:15+00:00,ow,KIX,ICN,2026-10-01T12:10:00+09:00,,ZE,138190
2026-09-20T02:00:15+00:00,ow,KIX,ICN,2026-12-03T18:10:00+09:00,,MM,144361
2026-09-20T02:00:15+00:00,ow,KIX,ICN,2026-12-02T18:10:00+09:00,,MM,147715
2026-09-20T02:00:15+00:00,ow,KIX,ICN,2026-11-25T18:10:00+09:00,,MM,147935
2026-09-20T02:00:15+00:00,ow,KIX,ICN,2026-12-18T07:40:00+09:00,,MM,147945
2026-09-20T02:00:15+00:00,ow,KIX,ICN,2027-03-06T19:50:00+09:00,,MM,148208
2026-09-20T02:00:15+00:00,ow,KIX,ICN,2027-03-07T11:45:00+09:00,,MM,148208
2026-09-20T02:00:15+00:00,ow,KIX,ICN,2027-03-12T18:10:00+09:00,,MM,148261
2026-09-20T02:00:15+00:00,ow,KIX,ICN,2026-10-02T07:40:00+09:00,,MM,148553
2026-09-20T02:00:15+00:00,ow,KIX,ICN,2027-03-13T19:50:00+09:00,,MM,148591
2026-09-20T02:00:15+00:00,ow,KIX,ICN,2027-03-15T19:50:00+09:00,,MM,149177
2026-09-20T02:00:15+00:00,ow,KIX,ICN,2027-03-17T19:50:00+09:00,,MM,149177
2026-09-20T02:00:15+00:00,ow,KIX,ICN,2026-12-14T07:40:00+09:00,,MM,149500
2026-09-20T02:00:15+00:00,ow,KIX,ICN,2026-11-05T10:00:00+09:00,,RS,149575
2026-09-20T02:00:15+00:00,ow,KIX,ICN,2026-11-11T10:00:00+09:00,,RS,151399
2026-09-20T02:00:15+00:00,ow,KIX,ICN,2026-11-12T10:00:00+09:00,,RS,151838
2026-09-20T02:00:15+00:00,ow,KIX,ICN,2026-12-04T18:10:00+09:00,,MM,151920
2026-09-20T02:00:15+00:00,ow,KIX,ICN,2026-11-26T10:00:00+09:00,,RS,151985
2026-09-20T02:00:15+00:00,ow,KIX,ICN,2026-11-04T16:00:00+09:00,,RS,152179
2026-09-20T02:00:15+00:00,ow,KIX,ICN,2026-11-10T10:00:00+09:00,,RS,152179
2026-09-20T02:00:15+00:00,ow,KIX,ICN,2026-12-07T10:00:00+09:00,,RS,152198
2026-09-20T02:00:15+00:00,ow,KIX,ICN,2026-12-11T16:00:00+09:00,,RS,152435
2026-09-20T02:00:15+00:00,ow,KIX,ICN,2026-11-24T16:00:00+09:00,,RS,152532
2026-09-20T02:00:15+00:00,ow,KIX,ICN,2026-11-19T10:00:00+09:00,,RS,153359
2026-09-20T02:00:15+00:00,ow,KIX,ICN,2027-01-04T10:00:00+09:00,,RS,153596
2026-09-20T02:00:15+00:00,ow,KIX,ICN,2026-12-01T10:00:00+09:00,,RS,153731
2026-09-20T02:00:15+00:00,ow,KIX,ICN,2027-01-17T07:40:00+09:00,,MM,153917
2026-09-20T02:00:15+00:00,ow,KIX,ICN,2026-10-28T12:55:00+09:00,,ZE,155221
2026-09-20T02:00:15+00:00,ow,KIX,ICN,2026-11-18T12:00:00+09:00,,BX,155369
2026-09-20T02:00:15+00:00,ow,KIX,ICN,2026-11-02T11:45:00+09:00,,MM,156651
2026-09-20T02:00:15+00:00,ow,KIX,ICN,2026-11-17T16:00:00+09:00,,RS,156884
2026-09-20T02:00:15+00:00,ow,KIX,ICN,2026-10-29T18:10:00+09:00,,MM,159475
2026-09-20T02:00:15+00:00,ow,KIX,ICN,2027-01-23T07:40:00+09:00,,MM,159992
2026-09-20T02:00:15+00:00,ow,KIX,ICN,2027-03-14T19:50:00+09:00,,MM,160066
2026-09-20T02:00:15+00:00,ow,KIX,ICN,2026-11-06T10:00:00+09:00,,RS,160378
2026-09-20T02:00:15+00:00,ow,KIX,ICN,2027-03-18T19:50:00+09:00,,MM,160378
2026-09-20T02:00:15+00:00,ow,KIX,ICN,2026-11-07T16:00:00+09:00,,RS,160587
2026-09-20T02:00:15+00:00,ow,KIX,ICN,2026-11-30T10:00:00+09:00,,RS,160969
2026-09-20T02:00:15+00:00,ow,KIX,ICN,2027-02-01T11:45:00+09:00,,MM,161158
2026-09-20T02:00:15+00:00,ow,KIX,ICN,2027-01-24T07:40:00+09:00,,MM,161889
2026-09-20T02:00:15+00:00,ow,KIX,ICN,2026-11-13T10:00:00+09:00,,RS,162667
2026-09-20T02:00:15+00:00,ow,KIX,ICN,2026-11-20T16:00:00+09:00,,RS,163515
2026-09-20T02:00:15+00:00,ow,KIX,ICN,2026-11-27T12:55:00+09:00,,ZE,164648
2026-09-20T02:00:15+00:00,ow,KIX,ICN,2026-10-07T12:50:00+09:00,,BX,169345
2026-09-20T02:00:15+00:00,ow,KIX,ICN,2026-12-05T16:00:00+09:00,,RS,169605
2026-09-20T02:00:15+00:00,ow,KIX,ICN,2026-12-19T16:00:00+09:00,,RS,170419
2026-09-20T02:00:15+00:00,ow,KIX,ICN,2026-11-23T10:00:00+09:00,,RS,170878
2026-09-20T02:00:15+00:00,ow,KIX,ICN,2026-12-24T10:00:00+09:00,,RS,171959
2026-09-20T02:00:15+00:00,ow,KIX,ICN,2026-10-06T19:40:00+09:00,,MM,172661
2026-09-20T02:00:15+00:00,ow,KIX,ICN,2026-10-21T12:10:00+09:00,,ZE,173528
2026-09-20T02:00:15+00:00,ow,UKB,ICN,2026-10-03T15:00:00+09:00,,OZ,175396
2026-09-20T02:00:15+00:00,ow,KIX,ICN,2026-12-20T07:40:00+09:00,,MM,183245
2026-09-20T02:00:15+00:00,ow,KIX,ICN,2026-10-27T12:55:00+09:00,,ZE,183273
2026-09-20T02:00:15+00:00,ow,KIX,ICN,2026-10-26T07:40:00+09:00,,MM,183946
2026-09-20T02:00:15+00:00,ow,KIX,ICN,2026-11-09T11:45:00+09:00,,MM,184193
2026-09-20T02:00:15+00:00,ow,KIX,ICN,2026-10-14T13:35:00+09:00,,7C,184781
2026-09-20T02:00:15+00:00,ow,KIX,ICN,2027-01-11T12:00:00+09:00,,BX,185261
2026-09-20T02:00:15+00:00,ow,KIX,ICN,2026-10-15T12:50:00+09:00,,BX,186534
2026-09-20T02:00:15+00:00,ow,KIX,ICN,2027-01-22T19:50:00+09:00,,MM,186965
2026-09-20T02:00:15+00:00,ow,KIX,ICN,2026-11-14T12:00:00+09:00,,BX,188036
2026-09-20T02:00:15+00:00,ow,KIX,ICN,2026-09-28T16:00:00+09:00,,BX,188397
2026-09-20T02:00:15+00:00,ow,KIX,ICN,2026-10-24T19:40:00+09:00,,MM,188485
2026-09-20T02:00:15+00:00,ow,KIX,ICN,2027-01-25T11:45:00+09:00,,MM,189076
2026-09-20T02:00:15+00:00,ow,KIX,ICN,2026-12-06T07:40:00+09:00,,MM,189124
2026-09-20T02:00:15+00:00,ow,KIX,ICN,2026-11-16T10:00:00+09:00,,RS,189569
2026-09-20T02:00:15+00:00,ow,KIX,ICN,2026-10-20T02:15:00+09:00,,KE,190321
2026-09-20T02:00:15+00:00,ow,KIX,ICN,2026-10-22T02:15:00+09:00,,KE,192158
2026-09-20T02:00:15+00:00,ow,KIX,ICN,2026-12-13T00:15:00+09:00,,OZ,192503
2026-09-20T02:00:15+00:00,ow,KIX,ICN,2026-11-29T00:15:00+09:00,,OZ,193275
2026-09-20T02:00:15+00:00,ow,KIX,ICN,2026-09-27T01:30:00+09:00,,TW,194273
2026-09-20T02:00:15+00:00,ow,KIX,ICN,2027-01-08T12:00:00+09:00,,BX,194737
2026-09-20T02:00:15+00:00,ow,KIX,ICN,2026-10-30T12:00:00+09:00,,BX,195351
2026-09-20T02:00:15+00:00,ow,KIX,ICN,2026-11-28T12:00:00+09:00,,BX,195443
2026-09-20T02:00:15+00:00,ow,KIX,ICN,2026-10-23T07:40:00+09:00,,MM,197315
2026-09-20T02:00:15+00:00,ow,KIX,ICN,2026-09-21T18:15:00+09:00,,MM,202981
2026-09-20T02:00:15+00:00,ow,KIX,ICN,2026-10-25T19:50:00+09:00,,MM,203256
2026-09-20T02:00:15+00:00,ow,KIX,ICN,2026-11-08T00:15:00+09:00,,OZ,206200
2026-09-20T02:00:15+00:00,ow,KIX,ICN,2026-10-08T11:35:00+09:00,,TW,209305
2026-09-20T02:00:15+00:00,ow,KIX,ICN,2026-10-16T12:10:00+09:00,,ZE,212140
2026-09-20T02:00:15+00:00,ow,KIX,ICN,2026-10-31T18:10:00+09:00,,MM,216022
2026-09-20T02:00:15+00:00,ow,KIX,ICN,2027-01-10T11:45:00+09:00,,MM,219326
2026-09-20T02:00:15+00:00,ow,KIX,ICN,2026-10-19T07:40:00+09:00,,MM,220259
2026-09-20T02:00:15+00:00,ow,KIX,ICN,2027-02-12T11:45:00+09:00,,WE,222793
2026-09-20T02:00:15+00:00,ow,KIX,ICN,2027-03-19T17:35:00+09:00,,WE,224131
2026-09-20T02:00:15+00:00,ow,KIX,ICN,2026-10-04T12:00:00+09:00,,7C,228324
2026-09-20T02:00:15+00:00,ow,KIX,ICN,2026-10-09T09:00:00+09:00,,7C,229875
2026-09-20T02:00:15+00:00,ow,KIX,ICN,2027-01-01T12:00:00+09:00,,BX,229911
2026-09-20T02:00:15+00:00,ow,UKB,ICN,2026-10-05T11:00:00+09:00,,KE,230043
2026-09-20T02:00:15+00:00,ow,KIX,ICN,2026-11-15T11:15:00+09:00,,TW,234809
2026-09-20T02:00:15+00:00,ow,KIX,ICN,2027-02-13T11:45:00+09:00,,WE,241959
2026-09-20T02:00:15+00:00,ow,KIX,ICN,2027-01-09T23:25:00+09:00,,LJ,255937
2026-09-20T02:00:15+00:00,ow,KIX,ICN,2026-12-30T18:00:00+09:00,,BX,268660
2026-09-20T02:00:15+00:00,ow,KIX,ICN,2027-01-02T07:40:00+09:00,,MM,269875
2026-09-20T02:00:15+00:00,ow,KIX,ICN,2026-11-01T11:15:00+09:00,,TW,278137
2026-09-20T02:00:15+00:00,ow,KIX,ICN,2026-10-10T10:05:00+09:00,,7C,281781
2026-09-20T02:00:15+00:00,ow,KIX,ICN,2027-01-03T07:40:00+09:00,,MM,291965
2026-09-20T02:00:15+00:00,ow,UKB,ICN,2026-10-18T11:00:00+09:00,,KE,292449
2026-09-20T02:00:15+00:00,ow,KIX,ICN,2026-10-12T10:50:00+09:00,,7C,293049
2026-09-20T02:00:15+00:00,ow,KIX,ICN,2026-12-29T15:40:00+09:00,,BX,297308
2026-09-20T02:00:15+00:00,ow,KIX,ICN,2026-11-22T11:45:00+09:00,,MM,298715
2026-09-20T02:00:15+00:00,ow,KIX,ICN,2026-11-21T19:50:00+09:00,,MM,300141
2026-09-20T02:00:15+00:00,ow,KIX,ICN,2026-12-28T23:25:00+09:00,,LJ,328635
2026-09-20T02:00:15+00:00,ow,KIX,ICN,2026-09-20T21:50:00+09:00,,RS,335800
2026-09-20T02:00:15+00:00,ow,KIX,ICN,2026-10-11T09:00:00+09:00,,7C,367486
2026-09-20T02:00:15+00:00,ow,KIX,ICN,2026-12-27T23:25:00+09:00,,LJ,372349
2026-09-20T02:00:15+00:00,rt,ICN,KIX,2026-09-20T19:05:00+09:00,2026-09-23T22:20:00+09:00,RS,186405
2026-09-20T02:00:15+00:00,rt,ICN,KIX,2026-09-28T22:30:00+09:00,2026-09-30T00:15:00+09:00,TW,192667
2026-09-20T02:00:15+00:00,rt,ICN,KIX,2027-01-20T21:00:00+09:00,2027-01-27T07:40:00+09:00,MM,199039
2026-09-20T02:00:15+00:00,rt,ICN,KIX,2026-09-28T20:55:00+09:00,2026-10-01T12:10:00+09:00,MM,214934
2026-09-20T02:00:15+00:00,rt,ICN,KIX,2026-09-30T07:30:00+09:00,2026-10-02T11:35:00+09:00,MM,217336
2026-09-20T02:00:15+00:00,rt,ICN,KIX,2026-09-27T22:30:00+09:00,2026-09-30T00:15:00+09:00,TW,218163
2026-09-20T02:00:15+00:00,rt,ICN,KIX,2026-12-07T07:30:00+09:00,2026-12-16T07:40:00+09:00,MM,218387
2026-09-20T02:00:15+00:00,rt,ICN,KIX,2026-09-27T22:30:00+09:00,2026-10-01T12:10:00+09:00,TW,226454
2026-09-20T02:00:15+00:00,rt,ICN,KIX,2026-11-10T07:30:00+09:00,2026-11-13T10:00:00+09:00,MM,230979
2026-09-20T02:00:15+00:00,rt,ICN,KIX,2026-10-20T15:55:00+09:00,2026-10-29T11:15:00+09:00,TW,231280
2026-09-20T02:00:15+00:00,rt,ICN,KIX,2026-10-25T08:55:00+09:00,2026-10-28T11:45:00+09:00,WE,231871
2026-09-20T02:00:15+00:00,rt,ICN,KIX,2026-11-23T13:10:00+09:00,2026-11-30T16:00:00+09:00,RS,233733
2026-09-20T02:00:15+00:00,rt,ICN,KIX,2026-09-21T08:00:00+09:00,2026-09-25T01:30:00+09:00,TW,234077
2026-09-20T02:00:15+00:00,rt,ICN,KIX,2026-10-07T07:30:00+09:00,2026-10-14T19:40:00+09:00,MM,234774
2026-09-20T02:00:15+00:00,rt,ICN,KIX,2026-12-02T15:20:00+09:00,2026-12-09T11:45:00+09:00,RS,235015
2026-09-20T02:00:15+00:00,rt,ICN,KIX,2026-12-03T15:20:00+09:00,2026-12-09T11:45:00+09:00,RS,235358
2026-09-20T02:00:15+00:00,rt,ICN,KIX,2027-03-17T07:30:00+09:00,2027-03-27T19:50:00+09:00,MM,235866
2026-09-20T02:00:15+00:00,rt,ICN,KIX,2026-10-06T15:55:00+09:00,2026-10-21T11:35:00+09:00,TW,236037
2026-09-20T02:00:15+00:00,rt,ICN,KIX,2026-10-13T20:55:00+09:00,2026-10-20T07:40:00+09:00,MM,236580
2026-09-20T02:00:15+00:00,rt,ICN,KIX,2026-10-10T20:55:00+09:00,2026-10-13T07:40:00+09:00,MM,237492
2026-09-20T02:00:15+00:00,rt,ICN,UKB,2026-09-26T12:00:00+09:00,2026-09-30T00:15:00+09:00,OZ,241141
2026-09-20T02:00:15+00:00,rt,ICN,KIX,2027-03-15T13:10:00+09:00,2027-03-27T19:50:00+09:00,RS,247426
2026-09-20T02:00:15+00:00,rt,ICN,KIX,2026-12-11T18:50:00+09:00,2026-12-18T07:40:00+09:00,RS,249346
2026-09-20T02:00:15+00:00,rt,ICN,KIX,2026-11-04T20:40:00+09:00,2026-11-10T23:25:00+09:00,LJ,249482
2026-09-20T02:00:15+00:00,rt,ICN,KIX,2026-11-17T14:45:00+09:00,2026-11-30T11:45:00+09:00,WE,250703
2026-09-20T02:00:15+00:00,rt,ICN,KIX,2027-02-22T13:10:00+09:00,2027-02-23T11:45:00+09:00,RS,252441
2026-09-20T02:00:15+00:00,rt,ICN,KIX,2026-12-16T07:30:00+09:00,2026-12-19T19:50:00+09:00,MM,252978
2026-09-20T02:00:15+00:00,rt,ICN,KIX,2027-02-09T07:30:00+09:00,2027-02-16T19:50:00+09:00,MM,253073
2026-09-20T02:00:15+00:00,rt,ICN,KIX,2026-09-29T22:30:00+09:00,2026-10-06T19:40:00+09:00,TW,254096
2026-09-20T02:00:15+00:00,rt,ICN,KIX,2026-11-20T15:20:00+09:00,2026-11-24T16:00:00+09:00,RS,254486
2026-09-20T02:00:15+00:00,rt,ICN,KIX,2026-11-25T13:10:00+09:00,2026-11-30T10:00:00+09:00,RS,257163
2026-09-20T02:00:15+00:00,rt,ICN,KIX,2026-10-21T15:15:00+09:00,2026-10-28T11:50:00+09:00,ZE,257188
2026-09-20T02:00:15+00:00,rt,ICN,KIX,2026-11-01T15:05:00+09:00,2026-11-06T11:05:00+09:00,MM,258603
2026-09-20T02:00:15+00:00,rt,ICN,KIX,2026-12-01T13:10:00+09:00,2026-12-12T16:00:00+09:00,RS,259857
2026-09-20T02:00:15+00:00,rt,ICN,KIX,2026-10-13T16:10:00+09:00,2026-10-15T11:10:00+09:00,LJ,259988
2026-09-20T02:00:15+00:00,rt,ICN,KIX,2026-10-07T07:30:00+09:00,2026-10-07T12:50:00+09:00,MM,262608
2026-09-20T02:00:15+00:00,rt,ICN,KIX,2026-10-20T15:55:00+09:00,2026-10-26T11:45:00+09:00,TW,263224
2026-09-20T02:00:15+00:00,rt,ICN,KIX,2026-10-19T07:30:00+09:00,2026-10-22T19:40:00+09:00,MM,266236
2026-09-20T02:00:15+00:00,rt,ICN,KIX,2026-11-16T13:10:00+09:00,2026-11-29T07:40:00+09:00,RS,268401
2026-09-20T02:00:15+00:00,rt,ICN,KIX,2026-10-29T15:20:00+09:00,2026-11-01T10:00:00+09:00,RS,268422
2026-09-20T02:00:15+00:00,rt,ICN,KIX,2026-11-17T07:30:00+09:00,2026-11-28T12:00:00+09:00,MM,268627
2026-09-20T02:00:15+00:00,rt,ICN,KIX,2026-10-20T16:10:00+09:00,2026-10-27T23:25:00+09:00,LJ,269528
2026-09-20T02:00:15+00:00,rt,ICN,KIX,2026-11-02T07:30:00+09:00,2026-11-16T11:45:00+09:00,MM,272097
2026-09-20T02:00:15+00:00,rt,ICN,KIX,2026-11-15T10:35:00+09:00,2026-11-29T07:40:00+09:00,MM,273669
2026-09-20T02:00:15+00:00,rt,ICN,UKB,2026-09-26T12:00:00+09:00,2026-10-02T07:40:00+09:00,OZ,274611
2026-09-20T02:00:15+00:00,rt,ICN,KIX,2026-09-28T15:15:00+09:00,2026-10-04T10:30:00+09:00,WE,281299
2026-09-20T02:00:15+00:00,rt,ICN,KIX,2026-11-19T15:20:00+09:00,2026-11-24T12:55:00+09:00,RS,283361
2026-09-20T02:00:15+00:00,rt,ICN,KIX,2026-10-22T16:10:00+09:00,2026-11-10T23:25:00+09:00,LJ,284158
2026-09-20T02:00:15+00:00,rt,ICN,KIX,2027-03-13T10:35:00+09:00,2027-03-26T19:50:00+09:00,MM,285954
2026-09-20T02:00:15+00:00,rt,ICN,KIX,2026-10-22T16:10:00+09:00,2026-10-29T11:05:00+09:00,LJ,292276
2026-09-20T02:00:15+00:00,rt,ICN,KIX,2026-11-20T15:20:00+09:00,2026-11-23T10:00:00+09:00,RS,294593
2026-09-20T02:00:15+00:00,rt,ICN,KIX,2026-10-19T17:45:00+09:00,2026-10-26T11:45:00+09:00,WE,295316
2026-09-20T02:00:15+00:00,rt,ICN,KIX,2027-02-15T07:30:00+09:00,2027-02-22T19:50:00+09:00,MM,295523
2026-09-20T02:00:15+00:00,rt,ICN,KIX,2026-10-28T15:05:00+09:00,2026-10-31T23:25:00+09:00,LJ,295771
2026-09-20T02:00:15+00:00,rt,ICN,KIX,2026-10-30T15:20:00+09:00,2026-11-02T11:15:00+09:00,RS,296261
2026-09-20T02:00:15+00:00,rt,ICN,KIX,2026-11-13T15:50:00+09:00,2026-11-16T08:50:00+09:00,TW,298243
2026-09-20T02:00:15+00:00,rt,ICN,KIX,2026-11-16T07:55:00+09:00,2026-11-20T13:05:00+09:00,TW,298520
2026-09-20T02:00:15+00:00,rt,ICN,KIX,2026-09-26T22:30:00+09:00,2026-09-29T01:30:00+09:00,TW,300688
2026-09-20T02:00:15+00:00,rt,ICN,KIX,2026-10-11T15:15:00+09:00,2026-10-17T02:15:00+09:00,ZE,303466
2026-09-20T02:00:15+00:00,rt,ICN,KIX,2026-09-26T20:55:00+09:00,2026-10-03T18:15:00+09:00,MM,305152
2026-09-20T02:00:15+00:00,rt,ICN,KIX,2026-10-15T20:55:00+09:00,2026-10-19T02:15:00+09:00,MM,312683
2026-09-20T02:00:15+00:00,rt,ICN,KIX,2026-10-17T15:15:00+09:00,2026-10-21T12:10:00+09:00,ZE,314071
2026-09-20T02:00:15+00:00,rt,ICN,UKB,2026-10-20T13:35:00+09:00,2026-10-24T11:10:00+09:00,LJ,319339
2026-09-20T02:00:15+00:00,rt,ICN,KIX,2026-10-22T14:40:00+09:00,2026-10-25T07:40:00+09:00,MM,320200
2026-09-20T02:00:15+00:00,rt,ICN,KIX,2026-10-05T16:10:00+09:00,2026-10-07T11:10:00+09:00,LJ,322884
2026-09-20T02:00:15+00:00,rt,ICN,KIX,2026-11-05T20:40:00+09:00,2026-11-08T23:25:00+09:00,LJ,323494
2026-09-20T02:00:15+00:00,rt,ICN,KIX,2026-10-22T14:40:00+09:00,2026-10-24T02:15:00+09:00,MM,323649
2026-09-20T02:00:15+00:00,rt,ICN,KIX,2026-11-13T15:20:00+09:00,2026-11-20T15:40:00+09:00,RS,325733
2026-09-20T02:00:15+00:00,rt,ICN,KIX,2026-11-04T20:40:00+09:00,2026-11-08T23:25:00+09:00,LJ,327763
2026-09-20T02:00:15+00:00,rt,ICN,UKB,2026-10-01T13:20:00+09:00,2026-10-01T19:55:00+09:00,7C,328933
2026-09-20T02:00:15+00:00,rt,ICN,KIX,2026-10-18T16:10:00+09:00,2026-10-22T11:10:00+09:00,LJ,330594
2026-09-20T02:00:15+00:00,rt,ICN,KIX,2027-02-25T10:35:00+09:00,2027-02-28T07:40:00+09:00,MM,333177
2026-09-20T02:00:15+00:00,rt,ICN,KIX,2026-10-15T20:55:00+09:00,2026-10-17T02:15:00+09:00,MM,333958
2026-09-20T02:00:15+00:00,rt,ICN,KIX,2026-12-29T20:55:00+09:00,2026-12-31T11:10:00+09:00,KE,335076
2026-09-20T02:00:15+00:00,rt,ICN,KIX,2026-09-22T21:05:00+09:00,2026-09-29T11:35:00+09:00,TW,337635
2026-09-20T02:00:15+00:00,rt,ICN,KIX,2027-01-11T20:40:00+09:00,2027-01-15T23:25:00+09:00,LJ,338015
2026-09-20T02:00:15+00:00,rt,ICN,KIX,2026-12-29T20:40:00+09:00,2027-01-01T23:25:00+09:00,LJ,338216
2026-09-20T02:00:15+00:00,rt,ICN,KIX,2026-10-17T17:45:00+09:00,2026-10-22T20:55:00+09:00,WE,338675
2026-09-20T02:00:15+00:00,rt,ICN,KIX,2026-10-01T15:55:00+09:00,2026-10-07T11:35:00+09:00,TW,349202
2026-09-20T02:00:15+00:00,rt,ICN,KIX,2027-01-03T08:05:00+09:00,2027-01-07T07:40:00+09:00,LJ,353604
2026-09-20T02:00:15+00:00,rt,ICN,KIX,2026-10-19T08:00:00+09:00,2026-10-23T11:35:00+09:00,TW,355239
2026-09-20T02:00:15+00:00,rt,ICN,KIX,2026-10-19T07:30:00+09:00,2026-10-19T14:30:00+09:00,MM,355931
2026-09-20T02:00:15+00:00,rt,ICN,KIX,2026-11-11T07:30:00+09:00,2026-11-22T11:15:00+09:00,MM,360387
2026-09-20T02:00:15+00:00,rt,ICN,KIX,2026-10-18T17:45:00+09:00,2026-10-23T07:40:00+09:00,WE,362177
2026-09-20T02:00:15+00:00,rt,ICN,KIX,2026-12-28T20:40:00+09:00,2026-12-30T23:25:00+09:00,LJ,366175
2026-09-20T02:00:15+00:00,rt,ICN,KIX,2027-02-27T15:50:00+09:00,2027-03-10T11:45:00+09:00,TW,366741
2026-09-20T02:00:15+00:00,rt,ICN,KIX,2026-10-19T14:40:00+09:00,2026-10-25T15:00:00+09:00,MM,369272
2026-09-20T02:00:15+00:00,rt,ICN,KIX,2026-09-25T22:30:00+09:00,2026-09-27T01:30:00+09:00,TW,370457
2026-09-20T02:00:15+00:00,rt,ICN,KIX,2026-10-19T20:50:00+09:00,2026-10-24T02:15:00+09:00,KE,370753
2026-09-20T02:00:15+00:00,rt,ICN,KIX,2026-09-23T22:30:00+09:00,2026-09-28T11:35:00+09:00,TW,373212
2026-09-20T02:00:15+00:00,rt,ICN,KIX,2026-10-04T14:05:00+09:00,2026-10-14T10:50:00+09:00,7C,379471
2026-09-20T02:00:15+00:00,rt,ICN,KIX,2026-10-04T14:50:00+09:00,2026-10-07T12:50:00+09:00,BX,379719
2026-09-20T02:00:15+00:00,rt,ICN,KIX,2026-09-28T20:55:00+09:00,2026-10-12T10:50:00+09:00,MM,382575
2026-09-20T02:00:15+00:00,rt,ICN,KIX,2026-10-18T17:45:00+09:00,2026-10-24T18:15:00+09:00,WE,384382
2026-09-20T02:00:15+00:00,rt,ICN,KIX,2026-10-09T20:55:00+09:00,2026-10-12T15:00:00+09:00,MM,390124
2026-09-20T02:00:15+00:00,rt,ICN,UKB,2026-10-02T13:30:00+09:00,2026-10-04T16:30:00+09:00,LJ,395024
2026-09-20T02:00:15+00:00,rt,ICN,KIX,2026-10-23T17:00:00+09:00,2026-10-25T10:30:00+09:00,7C,395468
2026-09-20T02:00:15+00:00,rt,ICN,KIX,2026-09-25T22:30:00+09:00,2026-10-04T11:45:00+09:00,TW,396827
2026-09-20T02:00:15+00:00,rt,ICN,KIX,2026-10-03T19:20:00+09:00,2026-10-07T12:50:00+09:00,7C,396910
2026-09-20T02:00:15+00:00,rt,ICN,KIX,2026-10-23T15:55:00+09:00,2026-10-24T14:30:00+09:00,TW,397073
2026-09-20T02:00:15+00:00,rt,ICN,KIX,2026-10-05T16:10:00+09:00,2026-10-06T13:10:00+09:00,LJ,398025
2026-09-20T02:00:15+00:00,rt,ICN,KIX,2026-10-04T15:15:00+09:00,2026-10-08T12:10:00+09:00,ZE,400041
2026-09-20T02:00:15+00:00,rt,ICN,KIX,2026-10-01T16:10:00+09:00,2026-10-06T16:30:00+09:00,LJ,415702
2026-09-20T02:00:15+00:00,rt,ICN,KIX,2026-09-28T21:05:00+09:00,2026-10-05T10:05:00+09:00,TW,422013
2026-09-20T02:00:15+00:00,rt,ICN,KIX,2026-12-24T15:05:00+09:00,2027-01-02T07:40:00+09:00,ZE,423653
2026-09-20T02:00:15+00:00,rt,ICN,KIX,2027-01-01T20:40:00+09:00,2027-01-09T23:25:00+09:00,LJ,431400
2026-09-20T02:00:15+00:00,rt,ICN,KIX,2027-01-02T20:40:00+09:00,2027-01-10T23:25:00+09:00,LJ,464448
2026-09-20T02:00:15+00:00,rt,ICN,KIX,2026-09-22T15:20:00+09:00,2026-09-25T00:15:00+09:00,RS,464828
2026-09-20T02:00:15+00:00,rt,ICN,KIX,2027-01-02T12:00:00+09:00,2027-01-09T23:25:00+09:00,LJ,469249
2026-09-20T02:00:15+00:00,rt,ICN,KIX,2026-10-04T16:10:00+09:00,2026-10-06T13:10:00+09:00,LJ,471494
2026-09-20T02:00:15+00:00,rt,ICN,KIX,2026-09-22T07:30:00+09:00,2026-09-26T01:30:00+09:00,MM,474437
2026-09-20T02:00:15+00:00,rt,ICN,KIX,2026-10-03T19:20:00+09:00,2026-10-06T12:50:00+09:00,7C,479934
2026-09-20T02:00:15+00:00,rt,ICN,KIX,2026-10-02T19:20:00+09:00,2026-10-11T10:50:00+09:00,7C,492185
2026-09-20T02:00:15+00:00,rt,ICN,KIX,2026-10-08T14:40:00+09:00,2026-10-11T07:40:00+09:00,MM,511797
2026-09-20T02:00:15+00:00,rt,ICN,KIX,2026-10-01T15:55:00+09:00,2026-10-05T07:40:00+09:00,TW,523935
2026-09-20T02:00:15+00:00,rt,ICN,UKB,2026-10-08T13:20:00+09:00,2026-10-10T10:05:00+09:00,7C,524543
2026-09-20T02:00:15+00:00,rt,ICN,KIX,2026-09-24T20:55:00+09:00,2026-09-28T11:35:00+09:00,MM,527460
2026-09-20T02:00:15+00:00,rt,ICN,KIX,2026-09-22T10:10:00+09:00,2026-10-04T16:30:00+09:00,LJ,534507
2026-09-20T02:00:15+00:00,rt,ICN,KIX,2026-10-03T19:20:00+09:00,2026-10-10T10:05:00+09:00,7C,560975
2026-09-20T02:00:15+00:00,rt,ICN,KIX,2026-10-04T14:50:00+09:00,2026-10-05T07:40:00+09:00,BX,562499
2026-09-20T02:00:15+00:00,rt,ICN,KIX,2026-09-22T15:20:00+09:00,2026-09-27T00:15:00+09:00,RS,577954
2026-09-20T02:00:15+00:00,rt,ICN,KIX,2026-10-03T19:20:00+09:00,2026-10-05T07:40:00+09:00,7C,578101
2026-09-20T02:00:15+00:00,rt,ICN,KIX,2026-09-24T22:30:00+09:00,2026-09-27T01:30:00+09:00,TW,579053
2026-09-20T02:00:15+00:00,rt,ICN,KIX,2026-09-22T07:10:00+09:00,2026-10-13T11:35:00+09:00,7C,579350
2026-09-20T02:00:15+00:00,rt,ICN,KIX,2026-10-05T10:20:00+09:00,2026-10-05T23:00:00+09:00,MM,583869
2026-09-20T02:00:15+00:00,rt,ICN,KIX,2026-09-23T07:10:00+09:00,2026-09-27T00:15:00+09:00,7C,644151
2026-09-20T02:00:15+00:00,rt,ICN,KIX,2026-09-23T22:30:00+09:00,2026-09-26T22:20:00+09:00,TW,805668
2026-09-20T02:00:15+00:00,ow,ICN,FUK,2026-09-29T18:20:00+09:00,,ZE,70031
2026-09-20T02:00:15+00:00,ow,ICN,FUK,2026-10-06T18:05:00+09:00,,TW,80674
2026-09-20T02:00:15+00:00,ow,ICN,FUK,2026-09-28T18:00:00+09:00,,ZE,86504
2026-09-20T02:00:15+00:00,ow,ICN,FUK,2026-10-07T18:20:00+09:00,,ZE,95948
2026-09-20T02:00:15+00:00,ow,ICN,FUK,2026-10-27T14:25:00+09:00,,RS,96356
2026-09-20T02:00:15+00:00,ow,ICN,FUK,2026-12-15T14:25:00+09:00,,RS,96408
2026-09-20T02:00:15+00:00,ow,ICN,FUK,2027-03-10T14:25:00+09:00,,RS,97266
2026-09-20T02:00:15+00:00,ow,ICN,FUK,2026-10-29T14:25:00+09:00,,RS,97515
2026-09-20T02:00:15+00:00,ow,ICN,FUK,2026-09-26T18:20:00+09:00,,ZE,106698
2026-09-20T02:00:15+00:00,ow,ICN,FUK,2026-09-27T18:20:00+09:00,,OZ,107017
2026-09-20T02:00:15+00:00,ow,ICN,FUK,2027-03-11T07:20:00+09:00,,RS,107380
2026-09-20T02:00:15+00:00,ow,ICN,FUK,2026-09-30T18:30:00+09:00,,ZE,107411
2026-09-20T02:00:15+00:00,ow,ICN,FUK,2026-09-20T17:00:00+09:00,,LJ,111435
2026-09-20T02:00:15+00:00,ow,ICN,FUK,2027-03-17T12:40:00+09:00,,ZE,123355
2026-09-20T02:00:15+00:00,ow,ICN,FUK,2026-12-01T06:30:00+09:00,,7C,126849
2026-09-20T02:00:15+00:00,ow,ICN,FUK,2026-10-10T18:30:00+09:00,,ZE,127848
2026-09-20T02:00:15+00:00,ow,ICN,FUK,2026-11-05T16:20:00+09:00,,7C,143388
2026-09-20T02:00:15+00:00,ow,ICN,FUK,2026-10-26T17:50:00+09:00,,TW,143807
2026-09-20T02:00:15+00:00,ow,ICN,FUK,2026-10-05T18:00:00+09:00,,ZE,147314
2026-09-20T02:00:15+00:00,ow,ICN,FUK,2026-10-15T18:05:00+09:00,,TW,149538
2026-09-20T02:00:15+00:00,ow,ICN,FUK,2026-10-11T18:05:00+09:00,,TW,152834
2026-09-20T02:00:15+00:00,ow,ICN,FUK,2026-11-28T17:50:00+09:00,,TW,154681
2026-09-20T02:00:15+00:00,ow,ICN,FUK,2026-11-14T17:50:00+09:00,,TW,156398
2026-09-20T02:00:15+00:00,ow,ICN,FUK,2026-11-13T17:50:00+09:00,,TW,156971
2026-09-20T02:00:15+00:00,ow,ICN,FUK,2026-10-23T18:05:00+09:00,,TW,161235
2026-09-20T02:00:15+00:00,ow,ICN,FUK,2026-11-07T17:50:00+09:00,,TW,163526
2026-09-20T02:00:15+00:00,ow,ICN,FUK,2026-09-25T17:20:00+09:00,,7C,168070
2026-09-20T02:00:15+00:00,ow,ICN,FUK,2026-12-29T15:20:00+09:00,,7C,169621
2026-09-20T02:00:15+00:00,ow,ICN,FUK,2026-10-01T18:20:00+09:00,,ZE,173344
2026-09-20T02:00:15+00:00,ow,ICN,FUK,2026-11-08T06:30:00+09:00,,7C,176491
2026-09-20T02:00:15+00:00,ow,ICN,FUK,2027-02-01T18:15:00+09:00,,ZE,176878
2026-09-20T02:00:15+00:00,ow,ICN,FUK,2026-12-30T06:30:00+09:00,,7C,177677
2026-09-20T02:00:15+00:00,ow,ICN,FUK,2026-11-06T18:15:00+09:00,,ZE,177809
2026-09-20T02:00:15+00:00,ow,ICN,FUK,2027-02-18T18:15:00+09:00,,ZE,182586
2026-09-20T02:00:15+00:00,ow,ICN,FUK,2026-10-09T18:05:00+09:00,,TW,199846
2026-09-20T02:00:15+00:00,ow,ICN,FUK,2026-10-08T18:05:00+09:00,,TW,206874
2026-09-20T02:00:15+00:00,ow,ICN,FUK,2027-01-04T06:00:00+09:00,,OZ,214444
2026-09-20T02:00:15+00:00,ow,ICN,FUK,2026-12-31T11:10:00+09:00,,BX,245005
2026-09-20T02:00:15+00:00,ow,ICN,FUK,2026-10-03T18:20:00+09:00,,ZE,251645
2026-09-20T02:00:15+00:00,ow,ICN,FUK,2026-09-23T12:30:00+09:00,,ZE,419172
2026-09-20T02:00:15+00:00,ow,ICN,FUK,2026-09-24T18:05:00+09:00,,TW,488619
2026-09-20T02:00:15+00:00,ow,FUK,ICN,2026-09-22T11:30:00+09:00,,ZE,129822
2026-09-20T02:00:15+00:00,ow,FUK,ICN,2026-10-14T10:30:00+09:00,,RS,133706
2026-09-20T02:00:15+00:00,ow,FUK,ICN,2026-09-26T09:40:00+09:00,,RS,134117
2026-09-20T02:00:15+00:00,ow,FUK,ICN,2026-11-18T10:30:00+09:00,,RS,136744
2026-09-20T02:00:15+00:00,ow,FUK,ICN,2026-12-15T10:00:00+09:00,,BX,137760
2026-09-20T02:00:15+00:00,ow,FUK,ICN,2026-12-22T10:00:00+09:00,,RS,142755
2026-09-20T02:00:15+00:00,ow,FUK,ICN,2026-10-02T12:30:00+09:00,,TW,148931
2026-09-20T02:00:15+00:00,ow,FUK,ICN,2026-11-11T10:00:00+09:00,,BX,154494
2026-09-20T02:00:15+00:00,ow,FUK,ICN,2026-10-08T09:35:00+09:00,,OZ,156052
2026-09-20T02:00:15+00:00,ow,FUK,ICN,2026-10-23T12:30:00+09:00,,TW,158108
2026-09-20T02:00:15+00:00,ow,FUK,ICN,2026-12-01T10:00:00+09:00,,BX,173098
2026-09-20T02:00:15+00:00,ow,FUK,ICN,2026-11-12T10:00:00+09:00,,RS,174104
2026-09-20T02:00:15+00:00,ow,FUK,ICN,2026-12-11T08:55:00+09:00,,7C,175660
2026-09-20T02:00:15+00:00,ow,FUK,ICN,2026-11-09T08:35:00+09:00,,OZ,199490
2026-09-20T02:00:15+00:00,ow,FUK,ICN,2026-12-12T08:55:00+09:00,,7C,224726
2026-09-20T02:00:15+00:00,ow,FUK,ICN,2026-10-31T12:45:00+09:00,,TW,228371
2026-09-20T02:00:15+00:00,ow,FUK,ICN,2026-11-08T09:30:00+09:00,,LJ,235791
2026-09-20T02:00:15+00:00,ow,FUK,ICN,2026-10-04T10:00:00+09:00,,BX,238138
2026-09-20T02:00:15+00:00,ow,FUK,ICN,2026-10-25T08:35:00+09:00,,OZ,240805
2026-09-20T02:00:15+00:00,ow,FUK,ICN,2026-12-13T08:55:00+09:00,,7C,244459
2026-09-20T02:00:15+00:00,ow,FUK,ICN,2026-11-15T09:30:00+09:00,,LJ,245361
2026-09-20T02:00:15+00:00,ow,FUK,ICN,2026-09-28T19:50:00+09:00,,7C,247331
2026-09-20T02:00:15+00:00,rt,ICN,FUK,2026-09-29T18:30:00+09:00,2026-10-02T11:30:00+09:00,ZE,185211
2026-09-20T02:00:15+00:00,rt,ICN,FUK,2026-10-06T18:05:00+09:00,2026-10-07T12:30:00+09:00,TW,201397
2026-09-20T02:00:15+00:00,rt,ICN,FUK,2026-09-29T18:05:00+09:00,2026-10-01T12:30:00+09:00,TW,201970
2026-09-20T02:00:15+00:00,rt,ICN,FUK,2026-09-30T17:00:00+09:00,2026-10-01T09:45:00+09:00,LJ,206631
2026-09-20T02:00:15+00:00,rt,ICN,FUK,2026-10-14T18:20:00+09:00,2026-10-15T11:30:00+09:00,ZE,210027
2026-09-20T02:00:15+00:00,rt,ICN,FUK,2026-09-28T18:00:00+09:00,2026-09-30T11:30:00+09:00,ZE,220259
2026-09-20T02:00:15+00:00,rt,ICN,FUK,2026-09-28T18:00:00+09:00,2026-10-01T11:30:00+09:00,ZE,222031
2026-09-20T02:00:15+00:00,rt,ICN,FUK,2026-10-20T18:05:00+09:00,2026-10-22T12:30:00+09:00,TW,234973
2026-09-20T02:00:15+00:00,rt,ICN,FUK,2026-10-06T18:00:00+09:00,2026-10-08T11:30:00+09:00,ZE,241540
2026-09-20T02:00:15+00:00,rt,ICN,FUK,2026-11-11T17:25:00+09:00,2026-11-12T09:30:00+09:00,LJ,243168
2026-09-20T02:00:15+00:00,rt,ICN,FUK,2026-10-07T18:20:00+09:00,2026-10-08T11:30:00+09:00,ZE,248626
2026-09-20T02:00:15+00:00,rt,ICN,FUK,2026-10-14T17:20:00+09:00,2026-10-16T10:30:00+09:00,7C,249444
2026-09-20T02:00:15+00:00,rt,ICN,FUK,2026-09-28T18:20:00+09:00,2026-09-29T21:05:00+09:00,ZE,250814
2026-09-20T02:00:15+00:00,rt,ICN,FUK,2026-09-26T18:20:00+09:00,2026-09-29T09:40:00+09:00,ZE,260365
2026-09-20T02:00:15+00:00,rt,ICN,FUK,2027-03-04T18:15:00+09:00,2027-03-11T11:30:00+09:00,ZE,271091
2026-09-20T02:00:15+00:00,rt,ICN,FUK,2026-10-31T17:25:00+09:00,2026-11-03T09:30:00+09:00,LJ,280584
2026-09-20T02:00:15+00:00,rt,ICN,FUK,2026-11-15T06:30:00+09:00,2026-11-23T08:55:00+09:00,7C,284574
2026-09-20T02:00:15+00:00,rt,ICN,FUK,2026-10-11T13:55:00+09:00,2026-10-13T09:35:00+09:00,OZ,288729
2026-09-20T02:00:15+00:00,rt,ICN,FUK,2026-11-14T17:25:00+09:00,2026-11-18T09:30:00+09:00,LJ,293588
2026-09-20T02:00:15+00:00,rt,ICN,FUK,2026-12-29T07:20:00+09:00,2027-01-06T13:00:00+09:00,RS,294605
2026-09-20T02:00:15+00:00,rt,ICN,FUK,2026-10-07T07:20:00+09:00,2026-10-07T12:30:00+09:00,BX,294762
2026-09-20T02:00:15+00:00,rt,ICN,FUK,2026-11-20T17:25:00+09:00,2026-11-23T09:30:00+09:00,LJ,298310
2026-09-20T02:00:15+00:00,rt,ICN,FUK,2026-11-21T17:25:00+09:00,2026-11-23T09:30:00+09:00,LJ,298310
2026-09-20T02:00:15+00:00,rt,ICN,FUK,2026-10-06T18:00:00+09:00,2026-10-09T11:30:00+09:00,ZE,299142
2026-09-20T02:00:15+00:00,rt,ICN,FUK,2026-09-29T18:20:00+09:00,2026-10-06T12:30:00+09:00,ZE,300438
2026-09-20T02:00:15+00:00,rt,ICN,FUK,2026-12-17T07:20:00+09:00,2026-12-24T13:00:00+09:00,RS,303466
2026-09-20T02:00:15+00:00,rt,ICN,FUK,2026-10-04T18:30:00+09:00,2026-10-07T11:30:00+09:00,ZE,307451
2026-09-20T02:00:15+00:00,rt,ICN,FUK,2026-10-28T17:25:00+09:00,2026-11-01T09:30:00+09:00,LJ,307490
2026-09-20T02:00:15+00:00,rt,ICN,FUK,2026-10-26T06:00:00+09:00,2026-11-04T08:35:00+09:00,OZ,310473
2026-09-20T02:00:15+00:00,rt,ICN,FUK,2026-12-27T08:10:00+09:00,2027-01-05T10:00:00+09:00,RS,312253
2026-09-20T02:00:15+00:00,rt,ICN,FUK,2027-03-04T18:15:00+09:00,2027-03-07T11:30:00+09:00,ZE,318802
2026-09-20T02:00:15+00:00,rt,ICN,FUK,2026-11-06T17:25:00+09:00,2026-11-07T09:30:00+09:00,LJ,321882
2026-09-20T02:00:15+00:00,rt,ICN,FUK,2026-10-23T13:55:00+09:00,2026-10-26T08:35:00+09:00,OZ,323308
2026-09-20T02:00:15+00:00,rt,ICN,FUK,2026-10-07T18:20:00+09:00,2026-10-12T20:40:00+09:00,ZE,325596
2026-09-20T02:00:15+00:00,rt,ICN,FUK,2026-10-26T17:25:00+09:00,2026-11-02T09:30:00+09:00,LJ,327801
2026-09-20T02:00:15+00:00,rt,ICN,FUK,2026-10-16T06:30:00+09:00,2026-10-19T09:35:00+09:00,OZ,328440
2026-09-20T02:00:15+00:00,rt,ICN,FUK,2026-12-21T14:25:00+09:00,2026-12-25T12:45:00+09:00,RS,329878
2026-09-20T02:00:15+00:00,rt,ICN,FUK,2026-10-23T18:30:00+09:00,2026-10-24T12:10:00+09:00,ZE,332516
2026-09-20T02:00:15+00:00,rt,ICN,FUK,2026-10-17T18:20:00+09:00,2026-10-20T11:30:00+09:00,ZE,338707
2026-09-20T02:00:15+00:00,rt,ICN,FUK,2026-11-06T17:25:00+09:00,2026-11-08T09:30:00+09:00,LJ,343895
2026-09-20T02:00:15+00:00,rt,ICN,FUK,2026-11-07T17:25:00+09:00,2026-11-09T09:30:00+09:00,LJ,348939
2026-09-20T02:00:15+00:00,rt,ICN,FUK,2026-11-14T17:50:00+09:00,2026-11-16T12:45:00+09:00,TW,348939
2026-09-20T02:00:15+00:00,rt,ICN,FUK,2026-10-14T18:30:00+09:00,2026-10-18T11:30:00+09:00,ZE,349209
2026-09-20T02:00:15+00:00,rt,ICN,FUK,2026-10-23T18:30:00+09:00,2026-10-25T08:35:00+09:00,ZE,351469
2026-09-20T02:00:15+00:00,rt,ICN,FUK,2026-10-22T18:20:00+09:00,2026-10-25T11:30:00+09:00,ZE,354403
2026-09-20T02:00:15+00:00,rt,ICN,FUK,2026-10-30T14:25:00+09:00,2026-11-01T08:55:00+09:00,RS,364197
2026-09-20T02:00:15+00:00,rt,ICN,FUK,2026-10-06T15:00:00+09:00,2026-10-06T20:30:00+09:00,TW,372708
2026-09-20T02:00:15+00:00,rt,ICN,FUK,2026-09-26T17:20:00+09:00,2026-09-28T19:50:00+09:00,7C,374511
2026-09-20T02:00:15+00:00,rt,ICN,FUK,2026-10-06T18:05:00+09:00,2026-10-10T12:30:00+09:00,TW,376071
2026-09-20T02:00:15+00:00,rt,ICN,FUK,2026-11-13T16:20:00+09:00,2026-11-15T08:55:00+09:00,7C,388139
2026-09-20T02:00:15+00:00,rt,ICN,FUK,2026-10-23T18:20:00+09:00,2026-10-31T11:30:00+09:00,ZE,389332
2026-09-20T02:00:15+00:00,rt,ICN,FUK,2027-01-11T18:15:00+09:00,2027-01-15T11:30:00+09:00,ZE,390103
2026-09-20T02:00:15+00:00,rt,ICN,FUK,2026-10-07T15:15:00+09:00,2026-10-10T13:40:00+09:00,7C,391625
2026-09-20T02:00:15+00:00,rt,ICN,FUK,2026-10-04T18:30:00+09:00,2026-10-09T11:30:00+09:00,ZE,398512
2026-09-20T02:00:15+00:00,rt,ICN,FUK,2026-11-20T17:25:00+09:00,2026-11-22T11:20:00+09:00,LJ,400924
2026-09-20T02:00:15+00:00,rt,ICN,FUK,2026-10-08T18:20:00+09:00,2026-10-09T11:30:00+09:00,ZE,417480
2026-09-20T02:00:15+00:00,rt,ICN,FUK,2026-10-08T06:30:00+09:00,2026-10-08T12:30:00+09:00,7C,421086
2026-09-20T02:00:15+00:00,rt,ICN,FUK,2026-10-03T17:00:00+09:00,2026-10-04T09:45:00+09:00,LJ,428299
2026-09-20T02:00:15+00:00,rt,ICN,FUK,2026-12-19T17:50:00+09:00,2026-12-26T17:20:00+09:00,TW,433601
2026-09-20T02:00:15+00:00,rt,ICN,FUK,2027-02-01T06:00:00+09:00,2027-02-01T15:50:00+09:00,OZ,435660
2026-09-20T02:00:15+00:00,rt,ICN,FUK,2026-10-02T18:05:00+09:00,2026-10-04T12:30:00+09:00,TW,454938
2026-09-20T02:00:15+00:00,rt,ICN,FUK,2026-12-31T11:10:00+09:00,2027-01-03T10:00:00+09:00,BX,458416
2026-09-20T02:00:15+00:00,rt,ICN,FUK,2026-10-10T18:30:00+09:00,2026-10-11T10:30:00+09:00,ZE,459448
2026-09-20T02:00:15+00:00,rt,ICN,FUK,2027-02-08T18:40:00+09:00,2027-02-14T10:30:00+09:00,KE,463886
2026-09-20T02:00:15+00:00,rt,ICN,FUK,2026-10-10T14:25:00+09:00,2026-10-10T20:40:00+09:00,RS,489860
2026-09-20T02:00:15+00:00,rt,ICN,FUK,2026-10-03T17:20:00+09:00,2026-10-03T21:00:00+09:00,7C,500268
2026-09-20T02:00:15+00:00,rt,ICN,FUK,2026-10-09T18:05:00+09:00,2026-10-10T12:30:00+09:00,TW,518321
2026-09-20T02:00:15+00:00,rt,ICN,FUK,2026-10-08T18:05:00+09:00,2026-10-11T10:30:00+09:00,TW,531445
2026-09-20T02:00:15+00:00,rt,ICN,FUK,2026-10-09T18:05:00+09:00,2026-10-11T10:30:00+09:00,TW,531445
2026-09-20T02:00:15+00:00,rt,ICN,FUK,2026-12-25T17:25:00+09:00,2026-12-27T09:30:00+09:00,LJ,539156
2026-09-20T02:00:15+00:00,rt,ICN,FUK,2026-10-09T17:20:00+09:00,2026-10-09T21:00:00+09:00,7C,541279
2026-09-20T02:00:15+00:00,rt,ICN,FUK,2026-09-26T06:30:00+09:00,2026-09-27T16:25:00+09:00,OZ,541952
2026-09-20T02:00:15+00:00,rt,ICN,FUK,2026-10-02T18:20:00+09:00,2026-10-05T11:30:00+09:00,ZE,565829
2026-09-20T02:00:15+00:00,rt,ICN,FUK,2026-09-25T17:00:00+09:00,2026-09-27T20:00:00+09:00,LJ,566259
2026-09-20T02:00:15+00:00,rt,ICN,FUK,2026-10-02T15:15:00+09:00,2026-10-11T19:50:00+09:00,7C,581556
2026-09-20T02:00:15+00:00,rt,ICN,FUK,2026-10-04T18:30:00+09:00,2026-10-05T12:10:00+09:00,ZE,582788
2026-09-20T02:00:15+00:00,rt,ICN,FUK,2026-09-24T18:30:00+09:00,2026-10-10T12:30:00+09:00,ZE,590178
2026-09-20T02:00:15+00:00,rt,ICN,FUK,2026-10-03T17:00:00+09:00,2026-10-05T09:45:00+09:00,LJ,596259
2026-09-20T02:00:15+00:00,rt,ICN,FUK,2026-09-24T18:05:00+09:00,2026-09-27T11:30:00+09:00,TW,900848
2026-09-20T02:00:15+00:00,rt,ICN,FUK,2026-09-23T11:05:00+09:00,2026-09-27T11:55:00+09:00,KE,971750
2026-09-20T02:00:15+00:00,ow,ICN,OKA,2026-09-29T08:00:00+09:00,,ZE,122883
2026-09-20T02:00:15+00:00,ow,ICN,OKA,2026-10-27T11:50:00+09:00,,TW,133300
2026-09-20T02:00:15+00:00,ow,ICN,OKA,2026-12-02T10:10:00+09:00,,LJ,144371
2026-09-20T02:00:15+00:00,ow,ICN,OKA,2026-10-06T11:00:00+09:00,,TW,149211
2026-09-20T02:00:15+00:00,ow,ICN,OKA,2026-11-24T11:50:00+09:00,,TW,150277
2026-09-20T02:00:15+00:00,ow,ICN,OKA,2026-10-26T11:50:00+09:00,,TW,151428
2026-09-20T02:00:15+00:00,ow,ICN,OKA,2026-11-11T13:20:00+09:00,,7C,153503
2026-09-20T02:00:15+00:00,ow,ICN,OKA,2027-03-10T13:20:00+09:00,,7C,154207
2026-09-20T02:00:15+00:00,ow,ICN,OKA,2026-12-03T13:20:00+09:00,,7C,178953
2026-09-20T02:00:15+00:00,ow,ICN,OKA,2026-10-20T11:00:00+09:00,,TW,179638
2026-09-20T02:00:15+00:00,ow,ICN,OKA,2026-09-28T11:30:00+09:00,,ZE,184454
2026-09-20T02:00:15+00:00,ow,ICN,OKA,2026-10-07T11:00:00+09:00,,TW,186213
2026-09-20T02:00:15+00:00,ow,ICN,OKA,2026-11-12T13:20:00+09:00,,7C,186853
2026-09-20T02:00:15+00:00,ow,ICN,OKA,2026-11-23T11:50:00+09:00,,TW,190483
2026-09-20T02:00:15+00:00,ow,ICN,OKA,2026-11-08T13:20:00+09:00,,7C,194737
2026-09-20T02:00:15+00:00,ow,ICN,OKA,2026-09-30T09:45:00+09:00,,LJ,199302
2026-09-20T02:00:15+00:00,ow,ICN,OKA,2026-12-17T13:20:00+09:00,,7C,211621
2026-09-20T02:00:15+00:00,ow,ICN,OKA,2026-10-01T13:15:00+09:00,,7C,211686
2026-09-20T02:00:15+00:00,ow,ICN,OKA,2026-10-10T08:00:00+09:00,,ZE,211982
2026-09-20T02:00:15+00:00,ow,ICN,OKA,2026-11-05T11:50:00+09:00,,TW,223015
2026-09-20T02:00:15+00:00,ow,ICN,OKA,2026-12-12T13:20:00+09:00,,7C,229449
2026-09-20T02:00:15+00:00,ow,ICN,OKA,2026-10-22T13:15:00+09:00,,7C,245846
2026-09-20T02:00:15+00:00,ow,ICN,OKA,2026-10-18T11:00:00+09:00,,TW,247685
2026-09-20T02:00:15+00:00,ow,ICN,OKA,2026-09-20T11:30:00+09:00,,ZE,247975
2026-09-20T02:00:15+00:00,ow,ICN,OKA,2026-10-05T11:00:00+09:00,,TW,248623
2026-09-20T02:00:15+00:00,ow,ICN,OKA,2026-09-26T13:15:00+09:00,,7C,249313
2026-09-20T02:00:15+00:00,ow,ICN,OKA,2026-10-08T11:00:00+09:00,,TW,249756
2026-09-20T02:00:15+00:00,ow,ICN,OKA,2026-10-24T11:30:00+09:00,,ZE,294463
2026-09-20T02:00:15+00:00,ow,ICN,OKA,2026-10-16T13:15:00+09:00,,7C,323553
2026-09-20T02:00:15+00:00,ow,ICN,OKA,2026-09-22T08:00:00+09:00,,ZE,350895
2026-09-20T02:00:15+00:00,ow,ICN,OKA,2026-09-21T11:00:00+09:00,,TW,404523
2026-09-20T02:00:15+00:00,ow,ICN,OKA,2026-10-03T11:30:00+09:00,,ZE,448894
2026-09-20T02:00:15+00:00,ow,ICN,OKA,2026-09-25T08:00:00+09:00,,ZE,456368
2026-09-20T02:00:15+00:00,ow,ICN,OKA,2026-09-23T13:15:00+09:00,,7C,506643
2026-09-20T02:00:15+00:00,ow,ICN,OKA,2026-09-24T11:30:00+09:00,,ZE,652938
2026-09-20T02:00:15+00:00,ow,OKA,ICN,2026-09-24T14:35:00+09:00,,TW,123465
2026-09-20T02:00:15+00:00,ow,OKA,ICN,2026-09-22T14:35:00+09:00,,TW,133343
2026-09-20T02:00:15+00:00,ow,OKA,ICN,2026-09-29T13:15:00+09:00,,LJ,147485
2026-09-20T02:00:15+00:00,ow,OKA,ICN,2026-10-01T14:35:00+09:00,,TW,152971
2026-09-20T02:00:15+00:00,ow,OKA,ICN,2026-11-25T12:40:00+09:00,,LJ,173373
2026-09-20T02:00:15+00:00,ow,OKA,ICN,2026-09-30T13:15:00+09:00,,LJ,184015
2026-09-20T02:00:15+00:00,ow,OKA,ICN,2027-03-10T16:50:00+09:00,,7C,188184
2026-09-20T02:00:15+00:00,ow,OKA,ICN,2026-10-07T13:15:00+09:00,,LJ,196543
2026-09-20T02:00:15+00:00,ow,OKA,ICN,2026-10-21T13:15:00+09:00,,LJ,199172
2026-09-20T02:00:15+00:00,ow,OKA,ICN,2026-11-20T12:40:00+09:00,,LJ,213102
2026-09-20T02:00:15+00:00,ow,OKA,ICN,2026-10-27T12:40:00+09:00,,LJ,213762
2026-09-20T02:00:15+00:00,ow,OKA,ICN,2026-10-29T15:25:00+09:00,,TW,217418
2026-09-20T02:00:15+00:00,ow,OKA,ICN,2027-03-09T15:00:00+09:00,,ZE,225719
2026-09-20T02:00:15+00:00,ow,OKA,ICN,2026-10-26T15:25:00+09:00,,TW,232830
2026-09-20T02:00:15+00:00,ow,OKA,ICN,2026-10-20T14:35:00+09:00,,TW,233579
2026-09-20T02:00:15+00:00,ow,OKA,ICN,2026-11-15T15:25:00+09:00,,TW,233749
2026-09-20T02:00:15+00:00,ow,OKA,ICN,2026-09-21T14:35:00+09:00,,TW,235495
2026-09-20T02:00:15+00:00,ow,OKA,ICN,2026-09-26T14:35:00+09:00,,TW,235599
2026-09-20T02:00:15+00:00,ow,OKA,ICN,2026-10-23T14:35:00+09:00,,TW,236439
2026-09-20T02:00:15+00:00,ow,OKA,ICN,2026-11-08T16:50:00+09:00,,7C,251694
2026-09-20T02:00:15+00:00,ow,OKA,ICN,2027-03-07T15:00:00+09:00,,ZE,266930
2026-09-20T02:00:15+00:00,ow,OKA,ICN,2026-10-16T14:35:00+09:00,,TW,283392
2026-09-20T02:00:15+00:00,ow,OKA,ICN,2026-11-01T12:40:00+09:00,,LJ,290152
2026-09-20T02:00:15+00:00,ow,OKA,ICN,2026-10-25T15:00:00+09:00,,ZE,321681
2026-09-20T02:00:15+00:00,ow,OKA,ICN,2027-02-20T13:35:00+09:00,,LJ,333767
2026-09-20T02:00:15+00:00,ow,OKA,ICN,2026-10-13T14:35:00+09:00,,TW,371650
2026-09-20T02:00:15+00:00,ow,OKA,ICN,2026-10-18T15:00:00+09:00,,ZE,433143
2026-09-20T02:00:15+00:00,ow,OKA,ICN,2026-10-10T13:15:00+09:00,,LJ,436081
2026-09-20T02:00:15+00:00,ow,OKA,ICN,2026-10-11T13:15:00+09:00,,LJ,471001
2026-09-20T02:00:15+00:00,rt,ICN,OKA,2026-10-27T11:50:00+09:00,2026-11-10T12:40:00+09:00,TW,300125
2026-09-20T02:00:15+00:00,rt,ICN,OKA,2026-11-10T10:10:00+09:00,2026-11-13T12:40:00+09:00,LJ,302801
2026-09-20T02:00:15+00:00,rt,ICN,OKA,2026-11-09T10:10:00+09:00,2026-11-13T12:40:00+09:00,LJ,358511
2026-09-20T02:00:15+00:00,rt,ICN,OKA,2026-10-31T13:20:00+09:00,2026-11-04T12:40:00+09:00,7C,363584
2026-09-20T02:00:15+00:00,rt,ICN,OKA,2026-09-29T11:00:00+09:00,2026-10-06T11:30:00+09:00,TW,364666
2026-09-20T02:00:15+00:00,rt,ICN,OKA,2026-12-02T10:10:00+09:00,2026-12-05T12:40:00+09:00,LJ,368165
2026-09-20T02:00:15+00:00,rt,ICN,OKA,2026-11-09T09:20:00+09:00,2026-11-29T15:25:00+09:00,LJ,384349
2026-09-20T02:00:15+00:00,rt,ICN,OKA,2026-11-12T13:20:00+09:00,2026-11-26T16:50:00+09:00,7C,400323
2026-09-20T02:00:15+00:00,rt,ICN,OKA,2026-11-17T10:10:00+09:00,2026-11-22T12:40:00+09:00,LJ,402825
2026-09-20T02:00:15+00:00,rt,ICN,OKA,2026-11-04T13:20:00+09:00,2026-11-08T15:25:00+09:00,7C,419388
2026-09-20T02:00:15+00:00,rt,ICN,OKA,2026-10-06T11:00:00+09:00,2026-10-13T15:00:00+09:00,TW,422136
2026-09-20T02:00:15+00:00,rt,ICN,OKA,2026-11-21T09:20:00+09:00,2026-11-23T12:40:00+09:00,LJ,432408
2026-09-20T02:00:15+00:00,rt,ICN,OKA,2026-10-29T11:50:00+09:00,2026-11-02T15:25:00+09:00,TW,442300
2026-09-20T02:00:15+00:00,rt,ICN,OKA,2026-10-07T11:00:00+09:00,2026-10-14T14:35:00+09:00,TW,462533
2026-09-20T02:00:15+00:00,rt,ICN,OKA,2027-01-13T15:10:00+09:00,2027-01-23T15:00:00+09:00,ZE,469890
2026-09-20T02:00:15+00:00,rt,ICN,OKA,2027-03-13T11:50:00+09:00,2027-03-26T15:00:00+09:00,TW,471650
2026-09-20T02:00:15+00:00,rt,ICN,OKA,2026-11-06T09:20:00+09:00,2026-11-08T12:40:00+09:00,LJ,478925
2026-09-20T02:00:15+00:00,rt,ICN,OKA,2026-11-20T13:20:00+09:00,2026-11-22T16:50:00+09:00,7C,480296
2026-09-20T02:00:15+00:00,rt,ICN,OKA,2026-12-28T15:10:00+09:00,2027-01-09T15:00:00+09:00,ZE,503953
2026-09-20T02:00:15+00:00,rt,ICN,OKA,2026-09-22T08:00:00+09:00,2026-10-01T14:35:00+09:00,ZE,506119
2026-09-20T02:00:15+00:00,rt,ICN,OKA,2026-12-29T15:10:00+09:00,2027-01-10T15:00:00+09:00,ZE,523205
2026-09-20T02:00:15+00:00,rt,ICN,OKA,2026-10-15T13:15:00+09:00,2026-10-31T15:25:00+09:00,7C,537993
2026-09-20T02:00:15+00:00,rt,ICN,OKA,2026-09-22T08:00:00+09:00,2026-09-29T13:15:00+09:00,ZE,544114
2026-09-20T02:00:15+00:00,rt,ICN,OKA,2026-09-25T14:45:00+09:00,2026-10-08T11:30:00+09:00,OZ,587646
2026-09-20T02:00:15+00:00,rt,ICN,OKA,2027-01-03T13:20:00+09:00,2027-01-09T15:00:00+09:00,7C,589455
2026-09-20T02:00:15+00:00,rt,ICN,OKA,2026-10-12T09:45:00+09:00,2026-10-19T13:15:00+09:00,LJ,597930
2026-09-20T02:00:15+00:00,rt,ICN,OKA,2027-01-03T13:20:00+09:00,2027-01-10T15:00:00+09:00,7C,634256
2026-09-20T02:00:15+00:00,rt,ICN,OKA,2026-09-22T08:00:00+09:00,2026-10-09T11:30:00+09:00,ZE,733248
2026-09-20T02:00:15+00:00,ow,ICN,NGO,2026-10-06T07:30:00+09:00,,LJ,102222
2026-09-20T02:00:15+00:00,ow,ICN,NGO,2026-10-11T07:30:00+09:00,,7C,106043
2026-09-20T02:00:15+00:00,ow,ICN,NGO,2026-10-07T07:30:00+09:00,,7C,106705
2026-09-20T02:00:15+00:00,ow,ICN,NGO,2026-09-30T07:30:00+09:00,,LJ,115487
2026-09-20T02:00:15+00:00,ow,ICN,NGO,2026-10-01T15:05:00+09:00,,7C,158587
2026-09-20T02:00:15+00:00,ow,ICN,NGO,2026-09-20T15:05:00+09:00,,7C,158736
2026-09-20T02:00:15+00:00,ow,ICN,NGO,2026-11-03T07:30:00+09:00,,LJ,170082
2026-09-20T02:00:15+00:00,ow,ICN,NGO,2026-10-08T07:30:00+09:00,,7C,170249
2026-09-20T02:00:15+00:00,ow,ICN,NGO,2026-11-01T15:35:00+09:00,,OZ,182876
2026-09-20T02:00:15+00:00,ow,ICN,NGO,2026-12-26T08:00:00+09:00,,TW,191066
2026-09-20T02:00:15+00:00,ow,ICN,NGO,2026-09-28T16:05:00+09:00,,LJ,191635
2026-09-20T02:00:15+00:00,ow,ICN,NGO,2026-10-02T07:30:00+09:00,,7C,198273
2026-09-20T02:00:15+00:00,ow,ICN,NGO,2027-03-01T09:10:00+09:00,,7C,201030
2026-09-20T02:00:15+00:00,ow,ICN,NGO,2026-10-05T07:30:00+09:00,,LJ,206537
2026-09-20T02:00:15+00:00,ow,ICN,NGO,2026-09-26T16:05:00+09:00,,LJ,207459
2026-09-20T02:00:15+00:00,ow,ICN,NGO,2026-11-22T15:45:00+09:00,,LJ,216071
2026-09-20T02:00:15+00:00,ow,ICN,NGO,2027-02-21T07:30:00+09:00,,LJ,234099
2026-09-20T02:00:15+00:00,ow,ICN,NGO,2026-11-23T15:45:00+09:00,,LJ,234630
2026-09-20T02:00:15+00:00,ow,ICN,NGO,2027-02-01T09:10:00+09:00,,7C,237288
2026-09-20T02:00:15+00:00,ow,ICN,NGO,2026-10-03T16:10:00+09:00,,OZ,250546
2026-09-20T02:00:15+00:00,ow,ICN,NGO,2026-09-27T07:30:00+09:00,,7C,251317
2026-09-20T02:00:15+00:00,ow,ICN,NGO,2026-09-25T07:30:00+09:00,,7C,252190
2026-09-20T02:00:15+00:00,ow,ICN,NGO,2026-10-04T07:30:00+09:00,,7C,253879
2026-09-20T02:00:15+00:00,ow,ICN,NGO,2026-12-31T07:30:00+09:00,,LJ,264727
2026-09-20T02:00:15+00:00,ow,ICN,NGO,2027-01-01T07:30:00+09:00,,LJ,288799
2026-09-20T02:00:15+00:00,ow,ICN,NGO,2027-02-05T17:10:00+09:00,,LJ,298105
2026-09-20T02:00:15+00:00,ow,ICN,NGO,2026-09-21T09:30:00+09:00,,7C,346684
2026-09-20T02:00:15+00:00,ow,ICN,NGO,2026-09-24T19:00:00+09:00,,KE,458743
2026-09-20T02:00:15+00:00,ow,NGO,ICN,2026-09-24T18:00:00+09:00,,7C,120128
2026-09-20T02:00:15+00:00,ow,NGO,ICN,2026-09-23T12:30:00+09:00,,7C,128565
2026-09-20T02:00:15+00:00,ow,NGO,ICN,2026-09-21T19:00:00+09:00,,LJ,165237
2026-09-20T02:00:15+00:00,ow,NGO,ICN,2026-10-02T18:00:00+09:00,,7C,185726
2026-09-20T02:00:15+00:00,ow,NGO,ICN,2026-09-26T18:00:00+09:00,,7C,186161
2026-09-20T02:00:15+00:00,ow,NGO,ICN,2026-10-07T10:25:00+09:00,,7C,192667
2026-09-20T02:00:15+00:00,ow,NGO,ICN,2026-09-28T18:00:00+09:00,,7C,221149
2026-09-20T02:00:15+00:00,ow,NGO,ICN,2026-10-08T10:25:00+09:00,,LJ,239196
2026-09-20T02:00:15+00:00,ow,NGO,ICN,2026-10-06T10:25:00+09:00,,7C,241906
2026-09-20T02:00:15+00:00,ow,NGO,ICN,2026-10-04T10:25:00+09:00,,7C,242732
2026-09-20T02:00:15+00:00,ow,NGO,ICN,2026-12-20T10:40:00+09:00,,LJ,243031
2026-09-20T02:00:15+00:00,ow,NGO,ICN,2026-10-09T10:25:00+09:00,,7C,344965
2026-09-20T02:00:15+00:00,ow,NGO,ICN,2026-10-10T18:00:00+09:00,,7C,366510
2026-09-20T02:00:15+00:00,ow,NGO,ICN,2026-10-05T09:15:00+09:00,,KE,393975
2026-09-20T02:00:15+00:00,ow,NGO,ICN,2026-09-27T10:25:00+09:00,,7C,436105
2026-09-20T02:00:15+00:00,rt,ICN,NGO,2026-09-20T16:05:00+09:00,2026-09-24T19:00:00+09:00,LJ,272215
2026-09-20T02:00:15+00:00,rt,ICN,NGO,2026-10-31T15:45:00+09:00,2026-11-02T18:30:00+09:00,LJ,334158
2026-09-20T02:00:15+00:00,rt,ICN,NGO,2026-09-26T16:05:00+09:00,2026-10-07T10:25:00+09:00,LJ,335635
2026-09-20T02:00:15+00:00,rt,ICN,NGO,2026-09-27T07:30:00+09:00,2026-10-07T10:25:00+09:00,LJ,349224
2026-09-20T02:00:15+00:00,rt,ICN,NGO,2026-10-10T07:30:00+09:00,2026-10-14T18:00:00+09:00,7C,349764
2026-09-20T02:00:15+00:00,rt,ICN,NGO,2026-09-25T16:05:00+09:00,2026-10-07T10:25:00+09:00,LJ,362508
2026-09-20T02:00:15+00:00,rt,ICN,NGO,2026-09-26T15:05:00+09:00,2026-10-04T10:25:00+09:00,7C,379338
2026-09-20T02:00:15+00:00,rt,ICN,NGO,2026-10-22T07:30:00+09:00,2026-10-25T20:00:00+09:00,LJ,385883
2026-09-20T02:00:15+00:00,rt,ICN,NGO,2026-09-26T15:05:00+09:00,2026-10-06T10:25:00+09:00,7C,388655
2026-09-20T02:00:15+00:00,rt,ICN,NGO,2026-09-26T07:30:00+09:00,2026-09-26T19:00:00+09:00,LJ,392809
2026-09-20T02:00:15+00:00,rt,ICN,NGO,2026-09-27T07:30:00+09:00,2026-10-04T10:25:00+09:00,LJ,398664
2026-09-20T02:00:15+00:00,rt,ICN,NGO,2026-10-02T09:30:00+09:00,2026-10-05T10:25:00+09:00,7C,418404
2026-09-20T02:00:15+00:00,rt,ICN,NGO,2026-09-27T07:30:00+09:00,2026-10-06T10:25:00+09:00,7C,423401
2026-09-20T02:00:15+00:00,rt,ICN,NGO,2026-09-25T15:05:00+09:00,2026-10-08T10:25:00+09:00,7C,433715
2026-09-20T02:00:15+00:00,rt,ICN,NGO,2026-09-27T07:30:00+09:00,2026-10-03T18:00:00+09:00,7C,447780
2026-09-20T02:00:15+00:00,rt,ICN,NGO,2026-09-30T07:30:00+09:00,2026-10-04T10:25:00+09:00,LJ,486688
2026-09-20T02:00:15+00:00,rt,ICN,NGO,2026-09-25T07:30:00+09:00,2026-10-06T10:25:00+09:00,7C,492472
2026-09-20T02:00:15+00:00,rt,ICN,NGO,2026-10-08T07:30:00+09:00,2026-10-11T10:25:00+09:00,7C,504717
2026-09-20T02:00:15+00:00,rt,ICN,NGO,2026-10-03T15:05:00+09:00,2026-10-04T10:25:00+09:00,7C,511026
2026-09-20T02:00:15+00:00,rt,ICN,NGO,2026-09-28T16:05:00+09:00,2026-10-04T10:25:00+09:00,LJ,519686
2026-09-20T02:00:15+00:00,rt,ICN,NGO,2026-09-27T07:30:00+09:00,2026-10-05T09:15:00+09:00,LJ,536747
2026-09-20T02:00:15+00:00,rt,ICN,NGO,2026-09-26T16:05:00+09:00,2026-10-05T09:15:00+09:00,LJ,536802
2026-09-20T02:00:15+00:00,rt,ICN,NGO,2026-09-25T15:05:00+09:00,2026-10-05T09:15:00+09:00,7C,591693
2026-09-20T02:00:15+00:00,rt,ICN,NGO,2026-09-24T15:05:00+09:00,2026-10-06T11:55:00+09:00,7C,635033
2026-09-20T02:00:15+00:00,rt,ICN,NGO,2026-09-22T15:05:00+09:00,2026-10-04T10:25:00+09:00,7C,814647
2026-09-20T02:00:15+00:00,ow,ICN,CTS,2026-09-29T09:20:00+09:00,,ZE,101548
2026-09-20T02:00:15+00:00,ow,ICN,CTS,2026-10-11T10:10:00+09:00,,TW,111279
2026-09-20T02:00:15+00:00,ow,ICN,CTS,2026-10-07T10:10:00+09:00,,TW,111435
2026-09-20T02:00:15+00:00,ow,ICN,CTS,2026-10-06T10:35:00+09:00,,WE,123786
2026-09-20T02:00:15+00:00,ow,ICN,CTS,2026-10-14T10:10:00+09:00,,TW,125428
2026-09-20T02:00:15+00:00,ow,ICN,CTS,2026-11-04T10:20:00+09:00,,TW,126535
2026-09-20T02:00:15+00:00,ow,ICN,CTS,2026-11-30T07:40:00+09:00,,ZE,134658
2026-09-20T02:00:15+00:00,ow,ICN,CTS,2026-11-03T07:40:00+09:00,,ZE,144522
2026-09-20T02:00:15+00:00,ow,ICN,CTS,2027-03-02T12:25:00+09:00,,7C,150235
2026-09-20T02:00:15+00:00,ow,ICN,CTS,2026-12-01T07:40:00+09:00,,ZE,153431
2026-09-20T02:00:15+00:00,ow,ICN,CTS,2026-10-31T14:35:00+09:00,,ZE,154495
2026-09-20T02:00:15+00:00,ow,ICN,CTS,2026-10-26T07:40:00+09:00,,ZE,156149
2026-09-20T02:00:15+00:00,ow,ICN,CTS,2026-11-29T07:40:00+09:00,,ZE,185539
2026-09-20T02:00:15+00:00,ow,ICN,CTS,2026-11-05T14:35:00+09:00,,ZE,193492
2026-09-20T02:00:15+00:00,ow,ICN,CTS,2026-10-08T10:10:00+09:00,,TW,199007
2026-09-20T02:00:15+00:00,ow,ICN,CTS,2026-11-20T09:10:00+09:00,,ZE,215381
2026-09-20T02:00:15+00:00,ow,ICN,CTS,2026-10-05T09:20:00+09:00,,ZE,230145
2026-09-20T02:00:15+00:00,ow,ICN,CTS,2026-09-21T10:10:00+09:00,,TW,230672
2026-09-20T02:00:15+00:00,ow,ICN,CTS,2026-09-25T07:10:00+09:00,,7C,264445
2026-09-20T02:00:15+00:00,ow,ICN,CTS,2026-10-02T12:15:00+09:00,,7C,268529
2026-09-20T02:00:15+00:00,ow,ICN,CTS,2026-12-31T14:10:00+09:00,,LJ,289874
2026-09-20T02:00:15+00:00,ow,ICN,CTS,2027-01-03T14:10:00+09:00,,LJ,292425
2026-09-20T02:00:15+00:00,ow,ICN,CTS,2027-02-13T14:10:00+09:00,,LJ,344132
2026-09-20T02:00:15+00:00,ow,ICN,CTS,2027-02-04T09:40:00+09:00,,YP,363431
2026-09-20T02:00:15+00:00,ow,ICN,CTS,2027-01-01T14:10:00+09:00,,LJ,402763
2026-09-20T02:00:15+00:00,ow,ICN,CTS,2027-02-06T10:20:00+09:00,,TW,457617
2026-09-20T02:00:15+00:00,ow,ICN,CTS,2026-09-23T12:15:00+09:00,,7C,461485
2026-09-20T02:00:15+00:00,ow,CTS,ICN,2026-09-24T14:10:00+09:00,,WE,147913
2026-09-20T02:00:15+00:00,ow,CTS,ICN,2026-11-11T12:15:00+09:00,,LJ,205144
2026-09-20T02:00:15+00:00,ow,CTS,ICN,2026-11-18T12:15:00+09:00,,LJ,215075
2026-09-20T02:00:15+00:00,ow,CTS,ICN,2026-09-21T14:30:00+09:00,,TW,237236
2026-09-20T02:00:15+00:00,ow,CTS,ICN,2026-09-28T12:55:00+09:00,,ZE,254771
2026-09-20T02:00:15+00:00,ow,CTS,ICN,2027-01-14T11:00:00+09:00,,7C,287826
2026-09-20T02:00:15+00:00,ow,CTS,ICN,2026-10-14T14:30:00+09:00,,TW,290849
2026-09-20T02:00:15+00:00,ow,CTS,ICN,2026-10-13T12:55:00+09:00,,ZE,291990
2026-09-20T02:00:15+00:00,ow,CTS,ICN,2026-12-22T12:15:00+09:00,,LJ,311740
2026-09-20T02:00:15+00:00,ow,CTS,ICN,2026-09-20T14:10:00+09:00,,WE,336323
2026-09-20T02:00:15+00:00,ow,CTS,ICN,2027-01-03T13:45:00+09:00,,YP,468258
2026-09-20T02:00:15+00:00,ow,CTS,ICN,2027-02-09T14:40:00+09:00,,TW,491310
2026-09-20T02:00:15+00:00,rt,ICN,CTS,2026-09-29T10:10:00+09:00,2026-10-03T11:00:00+09:00,TW,296148
2026-09-20T02:00:15+00:00,rt,ICN,CTS,2026-10-06T07:10:00+09:00,2026-10-07T16:00:00+09:00,7C,326769
2026-09-20T02:00:15+00:00,rt,ICN,CTS,2026-09-30T08:20:00+09:00,2026-10-02T12:10:00+09:00,LJ,343832
2026-09-20T02:00:15+00:00,rt,ICN,CTS,2026-10-11T10:10:00+09:00,2026-10-21T14:30:00+09:00,TW,344866
2026-09-20T02:00:15+00:00,rt,ICN,CTS,2026-10-31T08:30:00+09:00,2026-11-03T12:15:00+09:00,LJ,346328
2026-09-20T02:00:15+00:00,rt,ICN,CTS,2026-09-26T09:20:00+09:00,2026-09-26T14:30:00+09:00,ZE,355754
2026-09-20T02:00:15+00:00,rt,ICN,CTS,2026-09-30T08:20:00+09:00,2026-10-01T12:10:00+09:00,LJ,356720
2026-09-20T02:00:15+00:00,rt,ICN,CTS,2026-11-11T07:40:00+09:00,2026-11-15T11:20:00+09:00,ZE,380269
2026-09-20T02:00:15+00:00,rt,ICN,CTS,2026-11-24T07:40:00+09:00,2026-11-28T11:20:00+09:00,ZE,381195
2026-09-20T02:00:15+00:00,rt,ICN,CTS,2026-11-25T07:40:00+09:00,2026-11-28T13:00:00+09:00,ZE,383310
2026-09-20T02:00:15+00:00,rt,ICN,CTS,2026-10-06T07:10:00+09:00,2026-10-08T16:00:00+09:00,7C,400940
2026-09-20T02:00:15+00:00,rt,ICN,CTS,2026-10-15T10:10:00+09:00,2026-10-22T14:30:00+09:00,TW,417328
2026-09-20T02:00:15+00:00,rt,ICN,CTS,2026-10-07T10:35:00+09:00,2026-10-14T12:55:00+09:00,WE,420339
2026-09-20T02:00:15+00:00,rt,ICN,CTS,2026-11-25T07:40:00+09:00,2026-11-29T11:20:00+09:00,ZE,425422
2026-09-20T02:00:15+00:00,rt,ICN,CTS,2026-10-19T07:10:00+09:00,2026-10-23T11:00:00+09:00,7C,428241
2026-09-20T02:00:15+00:00,rt,ICN,CTS,2026-11-26T07:40:00+09:00,2026-11-30T11:20:00+09:00,ZE,434441
2026-09-20T02:00:15+00:00,rt,ICN,CTS,2026-10-01T12:15:00+09:00,2026-10-02T11:00:00+09:00,7C,454523
2026-09-20T02:00:15+00:00,rt,ICN,CTS,2026-10-01T10:10:00+09:00,2026-10-03T14:30:00+09:00,TW,472038
2026-09-20T02:00:15+00:00,rt,ICN,CTS,2026-12-05T14:10:00+09:00,2026-12-12T12:15:00+09:00,LJ,488506
2026-09-20T02:00:15+00:00,rt,ICN,CTS,2026-10-05T09:20:00+09:00,2026-10-07T12:55:00+09:00,ZE,501439
2026-09-20T02:00:15+00:00,rt,ICN,CTS,2026-11-26T10:20:00+09:00,2026-11-29T11:20:00+09:00,TW,515286
2026-09-20T02:00:15+00:00,rt,ICN,CTS,2026-10-02T12:15:00+09:00,2026-10-03T14:10:00+09:00,7C,526236
2026-09-20T02:00:15+00:00,rt,ICN,CTS,2026-10-04T09:20:00+09:00,2026-10-06T12:55:00+09:00,ZE,582279
2026-09-20T02:00:15+00:00,rt,ICN,CTS,2026-10-05T09:20:00+09:00,2026-10-06T12:55:00+09:00,ZE,585638
2026-09-20T02:00:15+00:00,rt,ICN,CTS,2027-02-02T10:05:00+09:00,2027-02-11T13:45:00+09:00,WE,597349
2026-09-20T02:00:15+00:00,rt,ICN,CTS,2027-01-11T10:25:00+09:00,2027-01-15T13:55:00+09:00,ZE,598786
2026-09-20T02:00:15+00:00,rt,ICN,CTS,2027-02-18T14:10:00+09:00,2027-02-25T12:15:00+09:00,LJ,600322
2026-09-20T02:00:15+00:00,rt,ICN,CTS,2027-02-14T14:10:00+09:00,2027-02-23T11:00:00+09:00,LJ,601899
2026-09-20T02:00:15+00:00,rt,ICN,CTS,2026-10-11T08:20:00+09:00,2026-10-11T12:10:00+09:00,LJ,604714
2026-09-20T02:00:15+00:00,rt,ICN,CTS,2026-12-27T14:10:00+09:00,2027-01-09T12:15:00+09:00,LJ,605791
2026-09-20T02:00:15+00:00,rt,ICN,CTS,2026-10-02T10:10:00+09:00,2026-10-04T14:30:00+09:00,TW,607080
2026-09-20T02:00:15+00:00,rt,ICN,CTS,2027-02-15T14:10:00+09:00,2027-02-21T18:00:00+09:00,LJ,626288
2026-09-20T02:00:15+00:00,rt,ICN,CTS,2026-12-12T09:40:00+09:00,2026-12-19T11:00:00+09:00,YP,627038
2026-09-20T02:00:15+00:00,rt,ICN,CTS,2026-10-03T10:10:00+09:00,2026-10-04T14:10:00+09:00,TW,629612
2026-09-20T02:00:15+00:00,rt,ICN,CTS,2027-02-14T14:10:00+09:00,2027-02-21T18:00:00+09:00,LJ,638994
2026-09-20T02:00:15+00:00,rt,ICN,CTS,2027-01-25T10:25:00+09:00,2027-01-29T13:55:00+09:00,ZE,639475
2026-09-20T02:00:15+00:00,rt,ICN,CTS,2027-02-03T09:40:00+09:00,2027-02-08T13:55:00+09:00,YP,646457
2026-09-20T02:00:15+00:00,rt,ICN,CTS,2026-12-27T14:10:00+09:00,2027-01-05T11:20:00+09:00,LJ,658306
2026-09-20T02:00:15+00:00,rt,ICN,CTS,2027-02-13T09:40:00+09:00,2027-02-20T13:45:00+09:00,YP,662913
2026-09-20T02:00:15+00:00,rt,ICN,CTS,2026-09-23T08:20:00+09:00,2026-09-26T14:10:00+09:00,LJ,665895
2026-09-20T02:00:15+00:00,rt,ICN,CTS,2027-02-02T14:35:00+09:00,2027-02-08T13:55:00+09:00,ZE,693559
2026-09-20T02:00:15+00:00,rt,ICN,CTS,2027-02-04T09:40:00+09:00,2027-02-08T13:55:00+09:00,YP,735175
2026-09-20T02:00:15+00:00,rt,ICN,CTS,2026-10-04T09:20:00+09:00,2026-10-05T12:55:00+09:00,ZE,779983
2026-09-20T02:00:15+00:00,rt,ICN,CTS,2026-10-03T08:20:00+09:00,2026-10-05T12:10:00+09:00,LJ,870008
2026-09-20T02:00:15+00:00,ow,ICN,HIJ,2026-10-06T07:45:00+09:00,,7C,92357
2026-09-20T02:00:15+00:00,ow,ICN,HIJ,2026-10-07T07:45:00+09:00,,7C,92761
2026-09-20T02:00:15+00:00,ow,ICN,HIJ,2027-03-09T07:45:00+09:00,,7C,133969
2026-09-20T02:00:15+00:00,ow,ICN,HIJ,2026-10-05T12:00:00+09:00,,7C,135963
2026-09-20T02:00:15+00:00,ow,ICN,HIJ,2026-11-06T07:45:00+09:00,,7C,162426
2026-09-20T02:00:15+00:00,ow,ICN,HIJ,2026-10-13T07:45:00+09:00,,7C,169887
2026-09-20T02:00:15+00:00,ow,ICN,HIJ,2026-09-26T07:45:00+09:00,,7C,171967
2026-09-20T02:00:15+00:00,ow,ICN,HIJ,2026-11-07T07:45:00+09:00,,7C,190164
2026-09-20T02:00:15+00:00,ow,ICN,HIJ,2026-09-25T12:00:00+09:00,,7C,193569
2026-09-20T02:00:15+00:00,ow,ICN,HIJ,2026-09-29T07:45:00+09:00,,7C,194008
2026-09-20T02:00:15+00:00,ow,ICN,HIJ,2026-10-03T15:50:00+09:00,,7C,228509
2026-09-20T02:00:15+00:00,ow,ICN,HIJ,2026-10-08T12:00:00+09:00,,7C,244895
2026-09-20T02:00:15+00:00,ow,ICN,HIJ,2026-09-23T07:45:00+09:00,,7C,325996
2026-09-20T02:00:15+00:00,ow,ICN,HIJ,2026-09-30T12:00:00+09:00,,7C,336956
2026-09-20T02:00:15+00:00,ow,ICN,HIJ,2026-09-28T07:45:00+09:00,,7C,382124
2026-09-20T02:00:15+00:00,ow,HIJ,ICN,2026-11-04T16:15:00+09:00,,7C,157534
2026-09-20T02:00:15+00:00,ow,HIJ,ICN,2026-10-15T10:30:00+09:00,,7C,177426
2026-09-20T02:00:15+00:00,ow,HIJ,ICN,2026-10-28T10:30:00+09:00,,7C,182156
2026-09-20T02:00:15+00:00,ow,HIJ,ICN,2026-09-28T10:30:00+09:00,,7C,219005
2026-09-20T02:00:15+00:00,ow,HIJ,ICN,2026-10-12T18:30:00+09:00,,7C,225480
2026-09-20T02:00:15+00:00,ow,HIJ,ICN,2026-10-09T18:30:00+09:00,,7C,235182
2026-09-20T02:00:15+00:00,ow,HIJ,ICN,2026-10-06T10:30:00+09:00,,7C,235673
2026-09-20T02:00:15+00:00,ow,HIJ,ICN,2026-10-08T10:30:00+09:00,,7C,262574
2026-09-20T02:00:15+00:00,ow,HIJ,ICN,2026-09-27T14:40:00+09:00,,7C,400154
2026-09-20T02:00:15+00:00,rt,ICN,HIJ,2026-11-30T07:45:00+09:00,2026-12-02T10:30:00+09:00,7C,206436
2026-09-20T02:00:15+00:00,rt,ICN,HIJ,2026-11-02T07:45:00+09:00,2026-11-04T10:30:00+09:00,7C,249855
2026-09-20T02:00:15+00:00,rt,ICN,HIJ,2026-10-06T07:45:00+09:00,2026-10-07T14:40:00+09:00,7C,285668
2026-09-20T02:00:15+00:00,rt,ICN,HIJ,2026-10-05T12:00:00+09:00,2026-10-07T14:40:00+09:00,7C,306619
2026-09-20T02:00:15+00:00,rt,ICN,HIJ,2026-10-07T07:45:00+09:00,2026-10-09T18:30:00+09:00,7C,311232
2026-09-20T02:00:15+00:00,rt,ICN,HIJ,2026-10-06T07:45:00+09:00,2026-10-09T18:30:00+09:00,7C,311326
2026-09-20T02:00:15+00:00,rt,ICN,HIJ,2026-11-23T07:45:00+09:00,2026-11-25T16:15:00+09:00,7C,321670
2026-09-20T02:00:15+00:00,rt,ICN,HIJ,2026-11-03T07:45:00+09:00,2026-11-06T10:30:00+09:00,7C,322346
2026-09-20T02:00:15+00:00,rt,ICN,HIJ,2026-10-06T07:45:00+09:00,2026-10-08T14:40:00+09:00,7C,341095
2026-09-20T02:00:15+00:00,rt,ICN,HIJ,2026-11-03T07:45:00+09:00,2026-11-05T16:15:00+09:00,7C,342259
2026-09-20T02:00:15+00:00,rt,ICN,HIJ,2026-10-12T07:45:00+09:00,2026-10-15T10:30:00+09:00,7C,352027
2026-09-20T02:00:15+00:00,rt,ICN,HIJ,2026-10-07T07:45:00+09:00,2026-10-10T14:40:00+09:00,7C,354564
2026-09-20T02:00:15+00:00,rt,ICN,HIJ,2026-10-07T07:45:00+09:00,2026-10-13T10:30:00+09:00,7C,355112
2026-09-20T02:00:15+00:00,rt,ICN,HIJ,2026-10-12T07:45:00+09:00,2026-10-14T14:40:00+09:00,7C,373066
2026-09-20T02:00:15+00:00,rt,ICN,HIJ,2026-10-09T15:50:00+09:00,2026-10-12T18:30:00+09:00,7C,424145
2026-09-20T02:00:15+00:00,rt,ICN,HIJ,2026-10-08T12:00:00+09:00,2026-10-12T18:30:00+09:00,7C,426331
2026-09-20T02:00:15+00:00,rt,ICN,HIJ,2026-10-09T15:50:00+09:00,2026-10-13T10:30:00+09:00,7C,436601
2026-09-20T02:00:15+00:00,rt,ICN,HIJ,2026-09-28T07:45:00+09:00,2026-10-01T10:30:00+09:00,7C,442192
2026-09-20T02:00:15+00:00,rt,ICN,HIJ,2026-10-08T12:00:00+09:00,2026-10-11T10:30:00+09:00,7C,489168
2026-09-20T02:00:15+00:00,rt,ICN,HIJ,2026-10-08T12:00:00+09:00,2026-10-10T14:40:00+09:00,7C,508908
2026-09-20T02:00:15+00:00,ow,ICN,FSZ,2026-10-06T07:05:00+09:00,,7C,103568
2026-09-20T02:00:15+00:00,ow,ICN,FSZ,2026-09-28T14:55:00+09:00,,7C,121985
2026-09-20T02:00:15+00:00,ow,ICN,FSZ,2026-10-07T14:55:00+09:00,,7C,135233
2026-09-20T02:00:15+00:00,ow,ICN,FSZ,2026-09-27T14:55:00+09:00,,7C,144992
2026-09-20T02:00:15+00:00,ow,ICN,FSZ,2026-09-25T14:55:00+09:00,,7C,261718
2026-09-20T02:00:15+00:00,ow,ICN,FSZ,2026-10-08T14:55:00+09:00,,7C,361126
2026-09-20T02:00:15+00:00,ow,ICN,FSZ,2026-09-26T14:55:00+09:00,,7C,384047
2026-09-20T02:00:15+00:00,ow,ICN,FSZ,2026-10-05T07:05:00+09:00,,7C,419623
2026-09-20T02:00:15+00:00,ow,ICN,FSZ,2026-10-04T14:55:00+09:00,,7C,421864
2026-09-20T02:00:15+00:00,ow,ICN,FSZ,2026-10-03T14:55:00+09:00,,7C,422406
2026-09-20T02:00:15+00:00,ow,FSZ,ICN,2026-09-28T10:00:00+09:00,,7C,267511
2026-09-20T02:00:15+00:00,ow,ICN,SDJ,2026-10-06T09:35:00+09:00,,OZ,223478
2026-09-20T02:00:15+00:00,ow,ICN,SDJ,2026-10-11T09:35:00+09:00,,OZ,231794
2026-09-20T02:00:15+00:00,ow,ICN,SDJ,2026-10-12T09:35:00+09:00,,OZ,371488
2026-09-20T02:00:15+00:00,ow,ICN,SDJ,2026-10-13T09:35:00+09:00,,OZ,392125
2026-09-20T02:00:15+00:00,ow,ICN,SDJ,2026-10-09T09:35:00+09:00,,OZ,409593
2026-09-20T02:00:15+00:00,ow,ICN,SDJ,2026-10-07T09:35:00+09:00,,OZ,410216
2026-09-20T02:00:15+00:00,ow,ICN,SDJ,2026-10-14T09:35:00+09:00,,OZ,422299
2026-09-20T02:00:15+00:00,ow,ICN,SDJ,2026-10-04T09:35:00+09:00,,OZ,429926
2026-09-20T02:00:15+00:00,ow,ICN,SDJ,2026-10-25T09:35:00+09:00,,OZ,506252
2026-09-20T02:00:15+00:00,ow,ICN,SDJ,2026-10-05T09:35:00+09:00,,OZ,1026679
2026-09-20T02:00:15+00:00,ow,SDJ,ICN,2026-09-20T12:45:00+09:00,,OZ,768417
2026-09-20T02:00:15+00:00,ow,ICN,KOJ,2026-10-07T16:35:00+09:00,,KE,132096
2026-09-20T02:00:15+00:00,ow,ICN,KOJ,2026-10-05T16:35:00+09:00,,KE,132377
2026-09-20T02:00:15+00:00,ow,ICN,KOJ,2026-11-12T12:40:00+09:00,,7C,155968
2026-09-20T02:00:15+00:00,ow,ICN,KOJ,2026-10-06T16:20:00+09:00,,KE,246851
2026-09-20T02:00:15+00:00,ow,ICN,KOJ,2026-10-04T16:35:00+09:00,,KE,293043
2026-09-20T02:00:15+00:00,ow,ICN,KOJ,2026-10-08T16:20:00+09:00,,KE,352996
2026-09-20T02:00:15+00:00,rt,ICN,KOJ,2026-12-05T12:40:00+09:00,2026-12-07T15:15:00+09:00,7C,274050
2026-09-20T02:00:15+00:00,ow,ICN,KMQ,2026-10-06T07:30:00+09:00,,KE,198777
2026-09-20T02:00:15+00:00,ow,ICN,KMQ,2026-09-25T07:30:00+09:00,,KE,344862
2026-09-20T02:00:15+00:00,ow,ICN,KMQ,2026-10-05T07:30:00+09:00,,KE,348350
2026-09-20T02:00:15+00:00,ow,ICN,KMQ,2026-10-08T07:30:00+09:00,,KE,379537
2026-09-20T02:00:15+00:00,ow,ICN,KMQ,2026-10-07T07:30:00+09:00,,KE,404501
2026-09-20T02:00:15+00:00,ow,KMQ,ICN,2026-09-26T10:15:00+09:00,,KE,206283
2026-09-20T02:00:15+00:00,ow,ICN,MYJ,2026-10-06T13:15:00+09:00,,7C,92761
2026-09-20T02:00:15+00:00,ow,ICN,MYJ,2026-10-07T13:15:00+09:00,,7C,137730
2026-09-20T02:00:15+00:00,ow,ICN,MYJ,2026-10-05T09:30:00+09:00,,7C,190164
2026-09-20T02:00:15+00:00,ow,ICN,MYJ,2026-10-08T09:30:00+09:00,,7C,227978
2026-09-20T02:00:15+00:00,ow,ICN,MYJ,2026-10-04T13:15:00+09:00,,7C,247420
2026-09-20T02:00:15+00:00,ow,MYJ,ICN,2026-10-21T09:35:00+09:00,,7C,166270
2026-09-20T02:00:15+00:00,ow,MYJ,ICN,2026-10-19T09:35:00+09:00,,7C,184916
2026-09-20T02:00:15+00:00,ow,MYJ,ICN,2026-10-20T09:35:00+09:00,,7C,233004
2026-09-20T02:00:15+00:00,ow,MYJ,ICN,2026-10-18T09:35:00+09:00,,7C,235170
2026-09-20T02:00:15+00:00,ow,MYJ,ICN,2026-09-28T09:35:00+09:00,,7C,258734
2026-09-20T02:00:15+00:00,ow,MYJ,ICN,2026-10-13T15:50:00+09:00,,7C,266122
2026-09-20T02:00:15+00:00,ow,MYJ,ICN,2026-09-27T09:35:00+09:00,,7C,487749
2026-09-20T02:00:15+00:00,rt,ICN,MYJ,2026-10-07T07:00:00+09:00,2026-10-09T12:05:00+09:00,7C,283572
2026-09-20T02:00:15+00:00,rt,ICN,MYJ,2026-10-06T07:00:00+09:00,2026-10-09T09:35:00+09:00,7C,295958
2026-09-20T02:00:15+00:00,rt,ICN,MYJ,2026-10-22T07:00:00+09:00,2026-10-25T09:35:00+09:00,7C,389991
2026-09-20T02:00:15+00:00,ow,ICN,KIJ,2026-09-26T09:40:00+09:00,,KE,133530
2026-09-20T02:00:15+00:00,ow,ICN,KIJ,2026-09-29T09:40:00+09:00,,KE,245338
2026-09-20T02:00:15+00:00,ow,ICN,KIJ,2026-09-27T17:10:00+09:00,,KE,426667
2026-09-20T02:00:15+00:00,ow,ICN,KIJ,2026-09-25T17:10:00+09:00,,KE,429378
2026-09-20T02:00:15+00:00,ow,KIJ,ICN,2026-09-30T20:20:00+09:00,,KE,155252
2026-09-20T02:00:15+00:00,ow,KIJ,ICN,2027-01-18T11:35:00+09:00,,KE,203756
2026-09-20T02:00:15+00:00,ow,KIJ,ICN,2026-12-17T11:35:00+09:00,,KE,208103
2026-09-20T02:00:15+00:00,ow,KIJ,ICN,2027-01-25T11:35:00+09:00,,KE,208116
2026-09-20T02:00:15+00:00,ow,KIJ,ICN,2027-01-27T11:35:00+09:00,,KE,208116
2026-09-20T02:00:15+00:00,ow,KIJ,ICN,2026-10-14T20:20:00+09:00,,KE,214954
2026-09-20T02:00:15+00:00,ow,KIJ,ICN,2027-01-22T11:35:00+09:00,,KE,234921
2026-09-20T02:00:15+00:00,ow,KIJ,ICN,2027-01-17T11:35:00+09:00,,KE,242565
2026-09-20T02:00:15+00:00,ow,KIJ,ICN,2027-01-28T11:35:00+09:00,,KE,259193
2026-09-20T02:00:15+00:00,ow,KIJ,ICN,2027-01-14T11:35:00+09:00,,KE,261707
2026-09-20T02:00:15+00:00,ow,KIJ,ICN,2027-01-21T11:35:00+09:00,,KE,336816
2026-09-20T02:00:15+00:00,ow,KIJ,ICN,2027-01-23T11:35:00+09:00,,KE,384072
2026-09-20T02:00:15+00:00,ow,ICN,KMJ,2026-10-06T07:55:00+09:00,,TW,146681
2026-09-20T02:00:15+00:00,ow,ICN,KMJ,2026-10-07T07:55:00+09:00,,TW,146681
2026-09-20T02:00:15+00:00,ow,ICN,KMJ,2026-10-05T07:55:00+09:00,,TW,195169
2026-09-20T02:00:15+00:00,ow,ICN,KMJ,2026-10-03T17:05:00+09:00,,KE,278916
2026-09-20T02:00:15+00:00,ow,ICN,NGS,2026-12-22T08:00:00+09:00,,KE,289732
2026-09-20T02:00:15+00:00,ow,ICN,NGS,2026-11-19T08:00:00+09:00,,KE,308823
2026-09-20T02:00:15+00:00,ow,ICN,NGS,2026-11-07T08:00:00+09:00,,KE,309580
2026-09-20T02:00:15+00:00,ow,NGS,ICN,2026-10-26T10:40:00+09:00,,KE,207137
2026-09-20T02:00:15+00:00,ow,NGS,ICN,2026-12-22T10:40:00+09:00,,KE,275410
2026-09-20T02:00:15+00:00,ow,ICN,KMI,2026-09-25T09:40:00+09:00,,OZ,171761
2026-09-20T02:00:15+00:00,ow,ICN,KMI,2026-09-27T16:20:00+09:00,,OZ,359007
2026-09-20T02:00:15+00:00,rt,ICN,KMI,2026-12-09T09:20:00+09:00,2026-12-13T12:10:00+09:00,OZ,550061
2026-09-20T02:00:15+00:00,ow,ICN,TAK,2026-11-12T14:10:00+09:00,,LJ,235885
2026-09-20T02:00:15+00:00,ow,ICN,TAK,2026-10-03T08:45:00+09:00,,RS,275443
2026-09-20T02:00:15+00:00,rt,ICN,TAK,2026-10-22T08:45:00+09:00,2026-10-25T11:40:00+09:00,RS,385660
2026-09-20T02:00:15+00:00,ow,ICN,YGJ,2026-10-07T13:25:00+09:00,,RS,107395
2026-09-20T02:00:15+00:00,ow,ICN,YGJ,2026-10-08T13:25:00+09:00,,RS,116822
2026-09-20T02:00:15+00:00,rt,ICN,YGJ,2026-12-10T13:20:00+09:00,2026-12-13T15:50:00+09:00,RS,385875
2026-09-20T02:00:15+00:00,ow,ICN,SHI,2026-10-25T08:15:00+09:00,,LJ,360053
2026-09-20T02:00:15+00:00,ow,ICN,SHI,2026-10-04T08:25:00+09:00,,LJ,501927
2026-09-20T02:00:15+00:00,ow,SHI,ICN,2026-10-25T12:00:00+09:00,,LJ,408586
2026-09-20T02:00:15+00:00,rt,ICN,SHI,2026-10-25T08:15:00+09:00,2026-10-30T12:00:00+09:00,LJ,564683
2026-09-20T02:00:15+00:00,ow,ICN,KKJ,2026-10-03T15:45:00+09:00,,LJ,277693
2026-09-20T02:00:15+00:00,ow,ICN,AOJ,2026-09-25T09:05:00+09:00,,KE,218098
2026-09-20T02:00:15+00:00,ow,ICN,ISG,2026-12-06T09:45:00+09:00,,LJ,192485
2026-09-20T02:00:15+00:00,rt,ICN,ISG,2026-10-22T09:15:00+09:00,2026-10-25T13:30:00+09:00,LJ,481661
2026-09-20T02:00:15+00:00,ow,GMP,HND,2026-09-29T19:50:00+09:00,,OZ,301327
2026-09-20T02:00:15+00:00,ow,GMP,HND,2026-11-01T08:40:00+09:00,,OZ,321331
2026-09-20T02:00:15+00:00,ow,GMP,HND,2026-10-21T19:50:00+09:00,,OZ,326849
2026-09-20T02:00:15+00:00,ow,GMP,HND,2026-09-28T19:50:00+09:00,,OZ,329970
2026-09-20T02:00:15+00:00,ow,GMP,HND,2026-10-06T19:50:00+09:00,,OZ,333271
2026-09-20T02:00:15+00:00,ow,GMP,HND,2026-10-07T19:50:00+09:00,,OZ,333271
2026-09-20T02:00:15+00:00,ow,GMP,HND,2026-10-10T19:50:00+09:00,,OZ,333271
2026-09-20T02:00:15+00:00,ow,GMP,HND,2026-10-16T08:40:00+09:00,,OZ,333271
2026-09-20T02:00:15+00:00,ow,GMP,HND,2026-10-19T15:45:00+09:00,,OZ,333271
2026-09-20T02:00:15+00:00,ow,GMP,HND,2026-10-27T19:35:00+09:00,,OZ,333271
2026-09-20T02:00:15+00:00,ow,GMP,HND,2026-10-30T19:35:00+09:00,,OZ,333271
2026-09-20T02:00:15+00:00,ow,GMP,HND,2026-11-04T08:40:00+09:00,,OZ,333271
2026-09-20T02:00:15+00:00,ow,GMP,HND,2026-11-27T19:35:00+09:00,,OZ,333271
2026-09-20T02:00:15+00:00,ow,GMP,HND,2026-11-28T15:50:00+09:00,,OZ,333271
2026-09-20T02:00:15+00:00,ow,GMP,HND,2026-10-29T08:40:00+09:00,,OZ,333468
2026-09-20T02:00:15+00:00,ow,GMP,HND,2026-10-13T19:50:00+09:00,,OZ,334486
2026-09-20T02:00:15+00:00,ow,GMP,HND,2026-10-14T15:45:00+09:00,,OZ,334486
2026-09-20T02:00:15+00:00,ow,GMP,HND,2026-10-15T08:40:00+09:00,,OZ,334486
2026-09-20T02:00:15+00:00,ow,GMP,HND,2026-10-17T08:40:00+09:00,,OZ,334486
2026-09-20T02:00:15+00:00,ow,GMP,HND,2026-10-20T19:50:00+09:00,,OZ,334486
2026-09-20T02:00:15+00:00,ow,GMP,HND,2026-10-28T19:35:00+09:00,,OZ,334486
2026-09-20T02:00:15+00:00,ow,GMP,HND,2026-11-03T08:40:00+09:00,,OZ,334486
2026-09-20T02:00:15+00:00,ow,GMP,HND,2026-11-24T19:35:00+09:00,,OZ,334486
2026-09-20T02:00:15+00:00,ow,GMP,HND,2026-12-05T08:40:00+09:00,,OZ,334486
2026-09-20T02:00:15+00:00,ow,GMP,HND,2026-11-26T15:50:00+09:00,,OZ,334583
2026-09-20T02:00:15+00:00,ow,GMP,HND,2026-12-06T19:35:00+09:00,,OZ,334713
2026-09-20T02:00:15+00:00,ow,GMP,HND,2026-12-07T15:50:00+09:00,,OZ,335936
2026-09-20T02:00:15+00:00,ow,GMP,HND,2026-10-11T08:40:00+09:00,,OZ,336567
2026-09-20T02:00:15+00:00,ow,GMP,HND,2026-12-09T19:35:00+09:00,,OZ,336884
2026-09-20T02:00:15+00:00,ow,GMP,HND,2026-11-02T19:35:00+09:00,,OZ,337081
2026-09-20T02:00:15+00:00,ow,GMP,HND,2026-11-29T08:40:00+09:00,,OZ,337081
2026-09-20T02:00:15+00:00,ow,GMP,HND,2026-11-25T19:35:00+09:00,,OZ,337796
2026-09-20T02:00:15+00:00,ow,GMP,HND,2026-12-10T19:35:00+09:00,,OZ,338116
2026-09-20T02:00:15+00:00,ow,GMP,HND,2026-12-02T19:35:00+09:00,,OZ,338179
2026-09-20T02:00:15+00:00,ow,GMP,HND,2026-12-03T19:35:00+09:00,,OZ,339031
2026-09-20T02:00:15+00:00,ow,GMP,HND,2026-11-30T19:35:00+09:00,,OZ,339311
2026-09-20T02:00:15+00:00,ow,GMP,HND,2026-12-01T19:35:00+09:00,,OZ,342549
2026-09-20T02:00:15+00:00,ow,GMP,HND,2026-10-31T19:35:00+09:00,,OZ,343853
2026-09-20T02:00:15+00:00,ow,GMP,HND,2026-12-04T19:35:00+09:00,,OZ,344985
2026-09-20T02:00:15+00:00,ow,GMP,HND,2026-12-08T19:35:00+09:00,,OZ,344985
2026-09-20T02:00:15+00:00,ow,GMP,HND,2026-10-25T19:35:00+09:00,,OZ,353834
2026-09-20T02:00:15+00:00,ow,GMP,HND,2026-10-23T19:50:00+09:00,,OZ,355131
2026-09-20T02:00:15+00:00,ow,GMP,HND,2026-10-26T19:35:00+09:00,,OZ,355131
2026-09-20T02:00:15+00:00,ow,GMP,HND,2026-11-16T12:05:00+09:00,,JL,357601
2026-09-20T02:00:15+00:00,ow,GMP,HND,2027-02-10T08:15:00+09:00,,JL,367099
2026-09-20T02:00:15+00:00,ow,GMP,HND,2026-12-20T12:05:00+09:00,,JL,367144
2026-09-20T02:00:15+00:00,ow,GMP,HND,2026-11-15T08:15:00+09:00,,JL,370039
2026-09-20T02:00:15+00:00,ow,GMP,HND,2026-12-15T19:40:00+09:00,,JL,370039
2026-09-20T02:00:15+00:00,ow,GMP,HND,2027-02-12T12:05:00+09:00,,JL,370039
2026-09-20T02:00:15+00:00,ow,GMP,HND,2027-03-01T12:05:00+09:00,,JL,370039
2026-09-20T02:00:15+00:00,ow,GMP,HND,2027-03-15T19:40:00+09:00,,JL,370039
2026-09-20T02:00:15+00:00,ow,GMP,HND,2027-03-02T08:15:00+09:00,,JL,370163
2026-09-20T02:00:15+00:00,ow,GMP,HND,2027-01-27T19:40:00+09:00,,JL,370995
2026-09-20T02:00:15+00:00,ow,GMP,HND,2026-09-21T08:00:00+09:00,,JL,371245
2026-09-20T02:00:15+00:00,ow,GMP,HND,2026-10-05T08:00:00+09:00,,JL,371321
2026-09-20T02:00:15+00:00,ow,GMP,HND,2027-03-10T12:05:00+09:00,,JL,371345
2026-09-20T02:00:15+00:00,ow,GMP,HND,2027-01-14T08:15:00+09:00,,JL,371393
2026-09-20T02:00:15+00:00,ow,GMP,HND,2027-02-11T19:40:00+09:00,,JL,371393
2026-09-20T02:00:15+00:00,ow,GMP,HND,2027-01-29T12:05:00+09:00,,JL,371502
2026-09-20T02:00:15+00:00,ow,GMP,HND,2026-12-11T08:15:00+09:00,,JL,371516
2026-09-20T02:00:15+00:00,ow,GMP,HND,2027-01-17T08:15:00+09:00,,JL,371532
2026-09-20T02:00:15+00:00,ow,GMP,HND,2027-01-12T08:15:00+09:00,,JL,371584
2026-09-20T02:00:15+00:00,ow,GMP,HND,2026-12-18T12:05:00+09:00,,JL,371684
2026-09-20T02:00:15+00:00,ow,GMP,HND,2027-01-07T19:40:00+09:00,,JL,372410
2026-09-20T02:00:15+00:00,ow,GMP,HND,2026-11-12T12:05:00+09:00,,JL,372451
2026-09-20T02:00:15+00:00,ow,GMP,HND,2027-03-04T08:15:00+09:00,,JL,372516
2026-09-20T02:00:15+00:00,ow,GMP,HND,2027-03-06T12:05:00+09:00,,JL,372516
2026-09-20T02:00:15+00:00,ow,GMP,HND,2026-11-14T12:05:00+09:00,,JL,372681
2026-09-20T02:00:15+00:00,ow,GMP,HND,2026-10-24T08:00:00+09:00,,JL,372737
2026-09-20T02:00:15+00:00,ow,GMP,HND,2027-01-31T08:15:00+09:00,,JL,372756
2026-09-20T02:00:15+00:00,ow,GMP,HND,2026-12-21T12:05:00+09:00,,JL,372789
2026-09-20T02:00:15+00:00,ow,GMP,HND,2027-02-21T19:40:00+09:00,,JL,372896
2026-09-20T02:00:15+00:00,ow,GMP,HND,2027-02-22T08:15:00+09:00,,JL,372896
2026-09-20T02:00:15+00:00,ow,GMP,HND,2027-02-23T08:15:00+09:00,,JL,372896
2026-09-20T02:00:15+00:00,ow,GMP,HND,2026-11-17T08:15:00+09:00,,JL,372913
2026-09-20T02:00:15+00:00,ow,GMP,HND,2026-10-01T08:00:00+09:00,,JL,373017
2026-09-20T02:00:15+00:00,ow,GMP,HND,2026-11-07T12:05:00+09:00,,JL,373017
2026-09-20T02:00:15+00:00,ow,GMP,HND,2026-11-09T19:40:00+09:00,,JL,373017
2026-09-20T02:00:15+00:00,ow,GMP,HND,2026-11-13T12:05:00+09:00,,JL,373017
2026-09-20T02:00:15+00:00,ow,GMP,HND,2026-11-18T19:40:00+09:00,,JL,373017
2026-09-20T02:00:15+00:00,ow,GMP,HND,2026-11-21T12:05:00+09:00,,JL,373017
2026-09-20T02:00:15+00:00,ow,GMP,HND,2026-12-12T12:05:00+09:00,,JL,373017
2026-09-20T02:00:15+00:00,ow,GMP,HND,2026-12-22T19:40:00+09:00,,JL,373017
2026-09-20T02:00:15+00:00,ow,GMP,HND,2027-01-09T12:05:00+09:00,,JL,373017
2026-09-20T02:00:15+00:00,ow,GMP,HND,2027-01-30T19:40:00+09:00,,JL,373017
2026-09-20T02:00:15+00:00,ow,GMP,HND,2027-03-09T19:40:00+09:00,,JL,373017
2026-09-20T02:00:15+00:00,ow,GMP,HND,2027-03-14T08:15:00+09:00,,JL,373017
2026-09-20T02:00:15+00:00,ow,GMP,HND,2027-03-16T19:40:00+09:00,,JL,373460
2026-09-20T02:00:15+00:00,ow,GMP,HND,2027-01-19T19:40:00+09:00,,JL,373666
2026-09-20T02:00:15+00:00,ow,GMP,HND,2026-12-14T12:05:00+09:00,,JL,373973
2026-09-20T02:00:15+00:00,ow,GMP,HND,2027-01-23T19:40:00+09:00,,JL,374201
2026-09-20T02:00:15+00:00,ow,GMP,HND,2027-02-03T19:40:00+09:00,,JL,374313
2026-09-20T02:00:15+00:00,ow,GMP,HND,2026-12-17T19:40:00+09:00,,JL,374315
2026-09-20T02:00:15+00:00,ow,GMP,HND,2026-09-30T08:00:00+09:00,,JL,374380
2026-09-20T02:00:15+00:00,ow,GMP,HND,2026-10-18T08:00:00+09:00,,JL,374380
2026-09-20T02:00:15+00:00,ow,GMP,HND,2026-10-22T08:00:00+09:00,,JL,374380
2026-09-20T02:00:15+00:00,ow,GMP,HND,2026-11-05T12:05:00+09:00,,JL,374380
2026-09-20T02:00:15+00:00,ow,GMP,HND,2026-11-08T08:15:00+09:00,,JL,374380
2026-09-20T02:00:15+00:00,ow,GMP,HND,2026-11-11T12:05:00+09:00,,JL,374380
2026-09-20T02:00:15+00:00,ow,GMP,HND,2026-12-13T12:05:00+09:00,,JL,374380
2026-09-20T02:00:15+00:00,ow,GMP,HND,2027-01-05T19:40:00+09:00,,JL,374380
2026-09-20T02:00:15+00:00,ow,GMP,HND,2027-01-21T19:40:00+09:00,,JL,374380
2026-09-20T02:00:15+00:00,ow,GMP,HND,2027-01-28T08:15:00+09:00,,JL,374380
2026-09-20T02:00:15+00:00,ow,GMP,HND,2027-02-02T12:05:00+09:00,,JL,374380
2026-09-20T02:00:15+00:00,ow,GMP,HND,2027-03-18T12:05:00+09:00,,JL,374380
2026-09-20T02:00:15+00:00,ow,GMP,HND,2027-03-11T08:15:00+09:00,,JL,375045
2026-09-20T02:00:15+00:00,ow,GMP,HND,2026-11-10T08:15:00+09:00,,JL,375238
2026-09-20T02:00:15+00:00,ow,GMP,HND,2026-11-19T19:40:00+09:00,,JL,375328
2026-09-20T02:00:15+00:00,ow,GMP,HND,2027-01-10T08:15:00+09:00,,JL,375361
2026-09-20T02:00:15+00:00,ow,GMP,HND,2027-01-08T08:15:00+09:00,,JL,375506
2026-09-20T02:00:15+00:00,ow,GMP,HND,2027-03-13T12:05:00+09:00,,JL,376147
2026-09-20T02:00:15+00:00,ow,GMP,HND,2026-11-22T08:15:00+09:00,,JL,376705
2026-09-20T02:00:15+00:00,ow,GMP,HND,2026-12-29T19:30:00+09:00,,KE,376904
2026-09-20T02:00:15+00:00,ow,GMP,HND,2026-12-30T19:30:00+09:00,,KE,377780
2026-09-20T02:00:15+00:00,ow,GMP,HND,2027-02-05T19:50:00+09:00,,NH,379541
2026-09-20T02:00:15+00:00,ow,GMP,HND,2026-11-06T19:30:00+09:00,,KE,379685
2026-09-20T02:00:15+00:00,ow,GMP,HND,2026-11-23T07:45:00+09:00,,NH,386665
2026-09-20T02:00:15+00:00,ow,GMP,HND,2026-09-20T18:40:00+09:00,,KE,386993
2026-09-20T02:00:15+00:00,ow,GMP,HND,2026-10-09T18:40:00+09:00,,KE,394302
2026-09-20T02:00:15+00:00,ow,GMP,HND,2026-11-20T19:40:00+09:00,,JL,396134
2026-09-20T02:00:15+00:00,ow,GMP,HND,2027-01-04T08:15:00+09:00,,JL,396291
2026-09-20T02:00:15+00:00,ow,GMP,HND,2027-01-03T08:15:00+09:00,,JL,397685
2026-09-20T02:00:15+00:00,ow,GMP,HND,2027-03-19T08:15:00+09:00,,JL,397685
2026-09-20T02:00:15+00:00,ow,GMP,HND,2026-09-26T19:15:00+09:00,,JL,398030
2026-09-20T02:00:15+00:00,ow,GMP,HND,2027-03-05T19:40:00+09:00,,JL,398642
2026-09-20T02:00:15+00:00,ow,GMP,HND,2026-09-27T08:00:00+09:00,,JL,398901
2026-09-20T02:00:15+00:00,ow,GMP,HND,2027-03-12T08:15:00+09:00,,JL,399420
2026-09-20T02:00:15+00:00,ow,GMP,HND,2027-01-11T08:15:00+09:00,,JL,400033
2026-09-20T02:00:15+00:00,ow,GMP,HND,2026-12-25T12:20:00+09:00,,NH,404863
2026-09-20T02:00:15+00:00,ow,GMP,HND,2026-12-26T19:50:00+09:00,,NH,405556
2026-09-20T02:00:15+00:00,ow,GMP,HND,2026-12-24T07:45:00+09:00,,NH,407453
2026-09-20T02:00:15+00:00,ow,GMP,HND,2027-01-01T07:45:00+09:00,,NH,407657
2026-09-20T02:00:15+00:00,ow,GMP,HND,2026-12-27T07:45:00+09:00,,NH,409125
2026-09-20T02:00:15+00:00,ow,GMP,HND,2026-12-28T12:20:00+09:00,,NH,409170
2026-09-20T02:00:15+00:00,ow,GMP,HND,2026-12-31T12:20:00+09:00,,NH,409426
2026-09-20T02:00:15+00:00,ow,GMP,HND,2027-02-04T12:20:00+09:00,,NH,410806
2026-09-20T02:00:15+00:00,ow,GMP,HND,2026-12-23T19:50:00+09:00,,NH,412207
2026-09-20T02:00:15+00:00,ow,GMP,HND,2026-10-08T08:00:00+09:00,,JL,424719
2026-09-20T02:00:15+00:00,ow,GMP,HND,2026-10-04T19:55:00+09:00,,NH,427248
2026-09-20T02:00:15+00:00,ow,GMP,HND,2027-01-02T08:15:00+09:00,,JL,430976
2026-09-20T02:00:15+00:00,ow,GMP,HND,2026-10-12T08:00:00+09:00,,JL,432697
2026-09-20T02:00:15+00:00,ow,GMP,HND,2026-10-02T18:40:00+09:00,,KE,456154
2026-09-20T02:00:15+00:00,ow,GMP,HND,2026-09-25T18:40:00+09:00,,KE,478851
2026-09-20T02:00:15+00:00,ow,GMP,HND,2026-10-03T19:50:00+09:00,,OZ,489870
2026-09-20T02:00:15+00:00,ow,GMP,HND,2026-09-24T19:55:00+09:00,,NH,820942
2026-09-20T02:00:15+00:00,ow,HND,GMP,2026-09-24T15:35:00+09:00,,JL,193387
2026-09-20T02:00:15+00:00,ow,HND,GMP,2026-09-26T09:20:00+09:00,,KE,226575
2026-09-20T02:00:15+00:00,ow,HND,GMP,2026-09-21T20:05:00+09:00,,OZ,389133
2026-09-20T02:00:15+00:00,ow,HND,GMP,2026-09-22T09:00:00+09:00,,OZ,401331
2026-09-20T02:00:15+00:00,ow,HND,GMP,2026-09-29T19:55:00+09:00,,KE,443091
2026-09-20T02:00:15+00:00,ow,HND,GMP,2026-09-23T12:05:00+09:00,,OZ,457484
2026-09-20T02:00:15+00:00,ow,HND,GMP,2026-09-25T20:05:00+09:00,,OZ,458316
2026-09-20T02:00:15+00:00,ow,HND,GMP,2026-09-30T09:00:00+09:00,,OZ,459131
2026-09-20T02:00:15+00:00,ow,HND,GMP,2026-12-07T19:50:00+09:00,,KE,469776
2026-09-20T02:00:15+00:00,ow,HND,GMP,2027-03-17T08:40:00+09:00,,OZ,481429
2026-09-20T02:00:15+00:00,ow,HND,GMP,2026-10-14T16:10:00+09:00,,NH,481741
2026-09-20T02:00:15+00:00,ow,HND,GMP,2026-12-21T12:25:00+09:00,,KE,482974
2026-09-20T02:00:15+00:00,ow,HND,GMP,2026-10-03T20:05:00+09:00,,NH,485634
2026-09-20T02:00:15+00:00,ow,HND,GMP,2026-12-24T19:50:00+09:00,,KE,486506
2026-09-20T02:00:15+00:00,ow,HND,GMP,2026-11-19T19:50:00+09:00,,KE,486942
2026-09-20T02:00:15+00:00,ow,HND,GMP,2026-11-10T19:50:00+09:00,,KE,486996
2026-09-20T02:00:15+00:00,ow,HND,GMP,2026-11-17T12:25:00+09:00,,KE,488252
2026-09-20T02:00:15+00:00,ow,HND,GMP,2026-10-12T19:55:00+09:00,,KE,490328
2026-09-20T02:00:15+00:00,ow,HND,GMP,2026-10-20T20:05:00+09:00,,NH,490750
2026-09-20T02:00:15+00:00,ow,HND,GMP,2026-10-13T19:55:00+09:00,,KE,490972
2026-09-20T02:00:15+00:00,ow,HND,GMP,2026-11-11T09:45:00+09:00,,KE,490972
2026-09-20T02:00:15+00:00,ow,HND,GMP,2026-11-18T19:50:00+09:00,,KE,490972
2026-09-20T02:00:15+00:00,ow,HND,GMP,2026-12-16T19:50:00+09:00,,KE,491524
2026-09-20T02:00:15+00:00,ow,HND,GMP,2026-10-19T12:35:00+09:00,,KE,491929
2026-09-20T02:00:15+00:00,ow,HND,GMP,2026-12-01T12:25:00+09:00,,KE,492533
2026-09-20T02:00:15+00:00,ow,HND,GMP,2026-10-01T19:55:00+09:00,,KE,492779
2026-09-20T02:00:15+00:00,ow,HND,GMP,2026-10-27T09:45:00+09:00,,KE,492779
2026-09-20T02:00:15+00:00,ow,HND,GMP,2026-11-02T19:50:00+09:00,,KE,492779
2026-09-20T02:00:15+00:00,ow,HND,GMP,2026-11-24T09:45:00+09:00,,KE,492779
2026-09-20T02:00:15+00:00,ow,HND,GMP,2026-12-08T09:45:00+09:00,,KE,492779
2026-09-20T02:00:15+00:00,ow,HND,GMP,2026-10-28T19:50:00+09:00,,KE,492920
2026-09-20T02:00:15+00:00,ow,HND,GMP,2026-10-15T20:05:00+09:00,,NH,493042
2026-09-20T02:00:15+00:00,ow,HND,GMP,2026-10-07T19:55:00+09:00,,KE,493436
2026-09-20T02:00:15+00:00,ow,HND,GMP,2026-11-04T09:45:00+09:00,,KE,493508
2026-09-20T02:00:15+00:00,ow,HND,GMP,2026-10-02T09:00:00+09:00,,OZ,493649
2026-09-20T02:00:15+00:00,ow,HND,GMP,2026-10-21T20:05:00+09:00,,NH,494991
2026-09-20T02:00:15+00:00,ow,HND,GMP,2026-10-04T09:00:00+09:00,,OZ,495456
2026-09-20T02:00:15+00:00,ow,HND,GMP,2026-12-13T08:40:00+09:00,,OZ,500963
2026-09-20T02:00:15+00:00,ow,HND,GMP,2026-12-30T09:45:00+09:00,,KE,505078
2026-09-20T02:00:15+00:00,ow,HND,GMP,2026-12-29T19:50:00+09:00,,KE,505721
2026-09-20T02:00:15+00:00,ow,HND,GMP,2027-03-13T12:25:00+09:00,,KE,507177
2026-09-20T02:00:15+00:00,ow,HND,GMP,2026-12-28T09:45:00+09:00,,KE,507543
2026-09-20T02:00:15+00:00,ow,HND,GMP,2026-11-25T19:50:00+09:00,,KE,508061
2026-09-20T02:00:15+00:00,ow,HND,GMP,2027-03-03T08:40:00+09:00,,OZ,508739
2026-09-20T02:00:15+00:00,ow,HND,GMP,2026-12-09T19:50:00+09:00,,KE,509088
2026-09-20T02:00:15+00:00,ow,HND,GMP,2026-12-22T19:50:00+09:00,,KE,509088
2026-09-20T02:00:15+00:00,ow,HND,GMP,2027-03-11T12:05:00+09:00,,OZ,509552
2026-09-20T02:00:15+00:00,ow,HND,GMP,2026-12-10T19:50:00+09:00,,KE,509765
2026-09-20T02:00:15+00:00,ow,HND,GMP,2026-12-23T12:25:00+09:00,,KE,510460
2026-09-20T02:00:15+00:00,ow,HND,GMP,2027-03-18T12:05:00+09:00,,OZ,510651
2026-09-20T02:00:15+00:00,ow,HND,GMP,2026-12-03T12:25:00+09:00,,KE,510769
2026-09-20T02:00:15+00:00,ow,HND,GMP,2026-10-22T19:55:00+09:00,,KE,510960
2026-09-20T02:00:15+00:00,ow,HND,GMP,2026-10-29T09:45:00+09:00,,KE,510960
2026-09-20T02:00:15+00:00,ow,HND,GMP,2026-11-03T09:45:00+09:00,,KE,510960
2026-09-20T02:00:15+00:00,ow,HND,GMP,2026-11-05T09:45:00+09:00,,KE,510960
2026-09-20T02:00:15+00:00,ow,HND,GMP,2026-12-02T19:50:00+09:00,,KE,510960
2026-09-20T02:00:15+00:00,ow,HND,GMP,2026-11-28T12:25:00+09:00,,KE,511206
2026-09-20T02:00:15+00:00,ow,HND,GMP,2027-02-06T12:25:00+09:00,,KE,511232
2026-09-20T02:00:15+00:00,ow,HND,GMP,2026-11-12T19:50:00+09:00,,KE,511793
2026-09-20T02:00:15+00:00,ow,HND,GMP,2026-10-26T19:50:00+09:00,,KE,512048
2026-09-20T02:00:15+00:00,ow,HND,GMP,2027-03-10T09:45:00+09:00,,KE,512114
2026-09-20T02:00:15+00:00,ow,HND,GMP,2026-12-14T09:45:00+09:00,,KE,512209
2026-09-20T02:00:15+00:00,ow,HND,GMP,2026-12-15T19:50:00+09:00,,KE,512414
2026-09-20T02:00:15+00:00,ow,HND,GMP,2026-11-26T08:40:00+09:00,,OZ,512449
2026-09-20T02:00:15+00:00,ow,HND,GMP,2027-01-01T12:05:00+09:00,,OZ,512484
2026-09-20T02:00:15+00:00,ow,HND,GMP,2026-11-23T12:25:00+09:00,,KE,512642
2026-09-20T02:00:15+00:00,ow,HND,GMP,2026-11-30T12:25:00+09:00,,KE,512666
2026-09-20T02:00:15+00:00,ow,HND,GMP,2026-11-09T19:50:00+09:00,,KE,513022
2026-09-20T02:00:15+00:00,ow,HND,GMP,2026-11-01T08:45:00+09:00,,NH,513327
2026-09-20T02:00:15+00:00,ow,HND,GMP,2027-02-04T12:05:00+09:00,,OZ,513397
2026-09-20T02:00:15+00:00,ow,HND,GMP,2027-02-02T20:05:00+09:00,,OZ,513481
2026-09-20T02:00:15+00:00,ow,HND,GMP,2027-01-06T08:40:00+09:00,,OZ,514375
2026-09-20T02:00:15+00:00,ow,HND,GMP,2026-11-20T08:45:00+09:00,,NH,514580
2026-09-20T02:00:15+00:00,ow,HND,GMP,2026-10-30T08:45:00+09:00,,NH,515197
2026-09-20T02:00:15+00:00,ow,HND,GMP,2026-11-07T09:45:00+09:00,,KE,516347
2026-09-20T02:00:15+00:00,ow,HND,GMP,2026-11-13T09:45:00+09:00,,KE,516347
2026-09-20T02:00:15+00:00,ow,HND,GMP,2027-01-05T08:40:00+09:00,,OZ,516445
2026-09-20T02:00:15+00:00,ow,HND,GMP,2027-01-12T20:05:00+09:00,,OZ,516445
2026-09-20T02:00:15+00:00,ow,HND,GMP,2027-02-03T12:05:00+09:00,,OZ,516445
2026-09-20T02:00:15+00:00,ow,HND,GMP,2027-03-04T12:05:00+09:00,,OZ,516445
2026-09-20T02:00:15+00:00,ow,HND,GMP,2027-03-16T12:05:00+09:00,,OZ,516445
2026-09-20T02:00:15+00:00,ow,HND,GMP,2026-11-22T09:45:00+09:00,,KE,516634
2026-09-20T02:00:15+00:00,ow,HND,GMP,2026-10-06T20:05:00+09:00,,OZ,517353
2026-09-20T02:00:15+00:00,ow,HND,GMP,2026-10-24T19:55:00+09:00,,KE,517897
2026-09-20T02:00:15+00:00,ow,HND,GMP,2026-11-08T09:45:00+09:00,,KE,518236
2026-09-20T02:00:15+00:00,ow,HND,GMP,2026-12-04T12:25:00+09:00,,KE,518236
2026-09-20T02:00:15+00:00,ow,HND,GMP,2027-01-04T12:05:00+09:00,,OZ,518351
2026-09-20T02:00:15+00:00,ow,HND,GMP,2027-01-07T08:40:00+09:00,,OZ,518674
2026-09-20T02:00:15+00:00,ow,HND,GMP,2026-12-05T12:25:00+09:00,,KE,518934
2026-09-20T02:00:15+00:00,ow,HND,GMP,2026-12-11T19:50:00+09:00,,KE,519502
2026-09-20T02:00:15+00:00,ow,HND,GMP,2026-10-25T19:50:00+09:00,,KE,520062
2026-09-20T02:00:15+00:00,ow,HND,GMP,2026-10-08T12:05:00+09:00,,OZ,521159
2026-09-20T02:00:15+00:00,ow,HND,GMP,2026-10-17T20:05:00+09:00,,NH,523601
2026-09-20T02:00:15+00:00,ow,HND,GMP,2027-02-23T12:25:00+09:00,,KE,524810
2026-09-20T02:00:15+00:00,ow,HND,GMP,2027-02-01T19:50:00+09:00,,KE,524989
2026-09-20T02:00:15+00:00,ow,HND,GMP,2027-03-02T09:45:00+09:00,,KE,525591
2026-09-20T02:00:15+00:00,ow,HND,GMP,2026-12-18T12:25:00+09:00,,KE,529243
2026-09-20T02:00:15+00:00,ow,HND,GMP,2026-12-25T09:45:00+09:00,,KE,530179
2026-09-20T02:00:15+00:00,ow,HND,GMP,2027-01-08T09:45:00+09:00,,KE,532918
2026-09-20T02:00:15+00:00,ow,HND,GMP,2026-11-15T09:45:00+09:00,,KE,533516
2026-09-20T02:00:15+00:00,ow,HND,GMP,2026-10-18T19:55:00+09:00,,KE,533922
2026-09-20T02:00:15+00:00,ow,HND,GMP,2026-12-12T19:50:00+09:00,,KE,534843
2026-09-20T02:00:15+00:00,ow,HND,GMP,2026-11-14T19:50:00+09:00,,KE,535625
2026-09-20T02:00:15+00:00,ow,HND,GMP,2026-11-16T19:50:00+09:00,,KE,537024
2026-09-20T02:00:15+00:00,ow,HND,GMP,2026-11-06T12:25:00+09:00,,KE,538256
2026-09-20T02:00:15+00:00,ow,HND,GMP,2026-11-27T12:25:00+09:00,,KE,538256
2026-09-20T02:00:15+00:00,ow,HND,GMP,2026-12-06T19:50:00+09:00,,KE,538256
2026-09-20T02:00:15+00:00,ow,HND,GMP,2026-11-21T20:05:00+09:00,,OZ,540000
2026-09-20T02:00:15+00:00,ow,HND,GMP,2027-03-14T12:25:00+09:00,,KE,542141
2026-09-20T02:00:15+00:00,ow,HND,GMP,2027-01-09T12:05:00+09:00,,OZ,543079
2026-09-20T02:00:15+00:00,ow,HND,GMP,2026-10-23T20:05:00+09:00,,OZ,543957
2026-09-20T02:00:15+00:00,ow,HND,GMP,2027-01-30T20:05:00+09:00,,OZ,544185
2026-09-20T02:00:15+00:00,ow,HND,GMP,2027-01-17T20:05:00+09:00,,OZ,545460
2026-09-20T02:00:15+00:00,ow,HND,GMP,2027-01-29T08:40:00+09:00,,OZ,545471
2026-09-20T02:00:15+00:00,ow,HND,GMP,2027-01-31T08:40:00+09:00,,OZ,545471
2026-09-20T02:00:15+00:00,ow,HND,GMP,2027-01-10T12:25:00+09:00,,KE,546345
2026-09-20T02:00:15+00:00,ow,HND,GMP,2026-11-29T12:05:00+09:00,,OZ,546829
2026-09-20T02:00:15+00:00,ow,HND,GMP,2027-03-07T12:05:00+09:00,,OZ,547389
2026-09-20T02:00:15+00:00,ow,HND,GMP,2026-09-28T20:05:00+09:00,,OZ,562041
2026-09-20T02:00:15+00:00,ow,HND,GMP,2026-12-27T09:45:00+09:00,,KE,579696
2026-09-20T02:00:15+00:00,ow,HND,GMP,2026-10-16T12:05:00+09:00,,OZ,583351
2026-09-20T02:00:15+00:00,ow,HND,GMP,2026-10-09T09:00:00+09:00,,OZ,595920
2026-09-20T02:00:15+00:00,ow,HND,GMP,2026-09-27T09:00:00+09:00,,OZ,597546
2026-09-20T02:00:15+00:00,ow,HND,GMP,2026-10-31T12:05:00+09:00,,OZ,602332
2026-09-20T02:00:15+00:00,ow,HND,GMP,2026-10-05T08:40:00+09:00,,NH,878672
2026-09-20T02:00:15+00:00,ow,HND,GMP,2026-10-11T16:10:00+09:00,,NH,921538
2026-09-20T02:00:15+00:00,ow,HND,GMP,2026-10-10T20:05:00+09:00,,OZ,1034221
2026-09-20T02:00:15+00:00,ow,HND,GMP,2026-09-20T12:05:00+09:00,,OZ,1069417
2026-09-20T02:00:15+00:00,rt,GMP,HND,2026-09-26T07:40:00+09:00,2026-10-03T20:05:00+09:00,NH,478922
2026-09-20T02:00:15+00:00,rt,GMP,HND,2026-10-14T19:55:00+09:00,2026-10-21T20:05:00+09:00,NH,480274
2026-09-20T02:00:15+00:00,rt,GMP,HND,2026-10-14T19:55:00+09:00,2026-11-12T20:00:00+09:00,NH,487307
2026-09-20T02:00:15+00:00,rt,GMP,HND,2026-09-28T07:40:00+09:00,2026-09-29T20:05:00+09:00,NH,487983
2026-09-20T02:00:15+00:00,rt,GMP,HND,2027-01-19T19:50:00+09:00,2027-01-28T08:45:00+09:00,NH,492001
2026-09-20T02:00:15+00:00,rt,GMP,HND,2026-10-11T07:40:00+09:00,2026-10-14T20:05:00+09:00,NH,493403
2026-09-20T02:00:15+00:00,rt,GMP,HND,2026-10-14T19:55:00+09:00,2026-10-15T20:05:00+09:00,NH,495243
2026-09-20T02:00:15+00:00,rt,GMP,HND,2026-10-20T07:40:00+09:00,2026-10-22T20:05:00+09:00,NH,496753
2026-09-20T02:00:15+00:00,rt,GMP,HND,2026-12-22T12:20:00+09:00,2027-01-10T08:45:00+09:00,NH,499823
2026-09-20T02:00:15+00:00,rt,GMP,HND,2026-12-16T12:20:00+09:00,2026-12-23T20:00:00+09:00,NH,501108
2026-09-20T02:00:15+00:00,rt,GMP,HND,2026-09-21T07:40:00+09:00,2026-09-29T20:05:00+09:00,NH,502800
2026-09-20T02:00:15+00:00,rt,GMP,HND,2027-01-19T12:20:00+09:00,2027-01-19T20:00:00+09:00,NH,504661
2026-09-20T02:00:15+00:00,rt,GMP,HND,2026-09-20T12:05:00+09:00,2026-09-24T08:20:00+09:00,JL,506391
2026-09-20T02:00:15+00:00,rt,GMP,HND,2026-12-02T19:50:00+09:00,2026-12-11T20:00:00+09:00,NH,506594
2026-09-20T02:00:15+00:00,rt,GMP,HND,2026-12-01T12:20:00+09:00,2026-12-15T08:45:00+09:00,NH,507730
2026-09-20T02:00:15+00:00,rt,GMP,HND,2026-09-21T07:40:00+09:00,2026-09-24T20:05:00+09:00,NH,508963
2026-09-20T02:00:15+00:00,rt,GMP,HND,2026-09-29T07:40:00+09:00,2026-09-29T16:10:00+09:00,NH,509660
2026-09-20T02:00:15+00:00,rt,GMP,HND,2026-09-30T08:00:00+09:00,2026-09-30T18:55:00+09:00,JL,512074
2026-09-20T02:00:15+00:00,rt,GMP,HND,2026-09-21T07:40:00+09:00,2026-09-23T20:05:00+09:00,NH,513195
2026-09-20T02:00:15+00:00,rt,GMP,HND,2026-11-18T07:45:00+09:00,2026-11-25T20:00:00+09:00,NH,514256
2026-09-20T02:00:15+00:00,rt,GMP,HND,2026-10-06T08:00:00+09:00,2026-10-14T18:55:00+09:00,JL,514440
2026-09-20T02:00:15+00:00,rt,GMP,HND,2026-09-20T12:05:00+09:00,2026-09-29T18:55:00+09:00,JL,515295
2026-09-20T02:00:15+00:00,rt,GMP,HND,2026-10-10T07:40:00+09:00,2026-10-14T16:10:00+09:00,NH,518482
2026-09-20T02:00:15+00:00,rt,GMP,HND,2026-12-09T19:50:00+09:00,2026-12-12T20:00:00+09:00,NH,518482
2026-09-20T02:00:15+00:00,rt,GMP,HND,2026-12-09T12:20:00+09:00,2026-12-14T20:00:00+09:00,NH,518482
2026-09-20T02:00:15+00:00,rt,GMP,HND,2026-12-09T19:50:00+09:00,2026-12-15T15:55:00+09:00,NH,518482
2026-09-20T02:00:15+00:00,rt,GMP,HND,2026-12-09T07:45:00+09:00,2026-12-16T15:55:00+09:00,NH,518482
2026-09-20T02:00:15+00:00,rt,GMP,HND,2026-10-15T19:55:00+09:00,2026-10-28T20:00:00+09:00,NH,518667
2026-09-20T02:00:15+00:00,rt,GMP,HND,2026-11-10T07:45:00+09:00,2026-11-24T20:00:00+09:00,NH,519696
2026-09-20T02:00:15+00:00,rt,GMP,HND,2026-10-10T07:40:00+09:00,2026-10-15T20:05:00+09:00,NH,519944
2026-09-20T02:00:15+00:00,rt,GMP,HND,2026-10-10T08:00:00+09:00,2026-10-20T18:55:00+09:00,JL,520021
2026-09-20T02:00:15+00:00,rt,GMP,HND,2026-12-07T07:45:00+09:00,2026-12-24T20:00:00+09:00,NH,520338
2026-09-20T02:00:15+00:00,rt,GMP,HND,2026-11-17T07:45:00+09:00,2026-11-26T20:00:00+09:00,NH,520495
2026-09-20T02:00:15+00:00,rt,GMP,HND,2026-11-17T07:45:00+09:00,2026-11-25T20:00:00+09:00,NH,520520
2026-09-20T02:00:15+00:00,rt,GMP,HND,2026-10-10T07:40:00+09:00,2026-11-12T20:00:00+09:00,NH,520765
2026-09-20T02:00:15+00:00,rt,GMP,HND,2026-09-29T19:55:00+09:00,2026-10-01T08:40:00+09:00,NH,520827
2026-09-20T02:00:15+00:00,rt,GMP,HND,2026-10-20T19:55:00+09:00,2026-10-28T20:00:00+09:00,NH,521319
2026-09-20T02:00:15+00:00,rt,GMP,HND,2027-01-09T19:50:00+09:00,2027-01-17T08:45:00+09:00,NH,521330
2026-09-20T02:00:15+00:00,rt,GMP,HND,2026-10-27T12:20:00+09:00,2026-11-03T20:00:00+09:00,NH,521546
2026-09-20T02:00:15+00:00,rt,GMP,HND,2026-09-28T19:55:00+09:00,2026-10-01T20:05:00+09:00,NH,521771
2026-09-20T02:00:15+00:00,rt,GMP,HND,2026-10-07T19:55:00+09:00,2026-10-13T20:05:00+09:00,NH,521854
2026-09-20T02:00:15+00:00,rt,GMP,HND,2027-03-09T07:45:00+09:00,2027-03-11T20:00:00+09:00,NH,521982
2026-09-20T02:00:15+00:00,rt,GMP,HND,2026-11-30T07:45:00+09:00,2026-12-02T20:00:00+09:00,NH,522604
2026-09-20T02:00:15+00:00,rt,GMP,HND,2026-11-10T07:45:00+09:00,2026-11-12T20:00:00+09:00,NH,522966
2026-09-20T02:00:15+00:00,rt,GMP,HND,2027-01-16T12:20:00+09:00,2027-01-17T08:45:00+09:00,NH,522966
2026-09-20T02:00:15+00:00,rt,GMP,HND,2026-12-01T12:20:00+09:00,2027-01-17T08:45:00+09:00,NH,523238
2026-09-20T02:00:15+00:00,rt,GMP,HND,2026-12-02T12:20:00+09:00,2026-12-02T20:00:00+09:00,NH,523470
2026-09-20T02:00:15+00:00,rt,GMP,HND,2026-12-01T12:20:00+09:00,2026-12-08T15:55:00+09:00,NH,523633
2026-09-20T02:00:15+00:00,rt,GMP,HND,2026-10-07T19:55:00+09:00,2026-10-14T16:10:00+09:00,NH,524509
2026-09-20T02:00:15+00:00,rt,GMP,HND,2026-12-01T12:20:00+09:00,2026-12-03T20:00:00+09:00,NH,524509
2026-09-20T02:00:15+00:00,rt,GMP,HND,2026-12-02T12:20:00+09:00,2026-12-08T20:00:00+09:00,NH,524509
2026-09-20T02:00:15+00:00,rt,GMP,HND,2026-11-30T07:45:00+09:00,2026-12-10T20:00:00+09:00,NH,524736
2026-09-20T02:00:15+00:00,rt,GMP,HND,2026-10-07T07:40:00+09:00,2026-10-07T20:05:00+09:00,NH,525149
2026-09-20T02:00:15+00:00,rt,GMP,HND,2027-01-07T12:20:00+09:00,2027-01-19T08:45:00+09:00,NH,527926
2026-09-20T02:00:15+00:00,rt,GMP,HND,2026-12-14T07:45:00+09:00,2026-12-19T20:00:00+09:00,NH,532136
2026-09-20T02:00:15+00:00,rt,GMP,HND,2026-12-05T12:20:00+09:00,2026-12-12T15:55:00+09:00,NH,533794
2026-09-20T02:00:15+00:00,rt,GMP,HND,2027-01-14T12:20:00+09:00,2027-01-30T08:45:00+09:00,NH,533794
2026-09-20T02:00:15+00:00,rt,GMP,HND,2026-10-20T07:40:00+09:00,2026-11-04T20:00:00+09:00,NH,534209
2026-09-20T02:00:15+00:00,rt,GMP,HND,2026-11-30T07:45:00+09:00,2026-12-09T20:00:00+09:00,NH,537666
2026-09-20T02:00:15+00:00,rt,GMP,HND,2026-10-27T19:50:00+09:00,2026-11-05T20:00:00+09:00,NH,538108
2026-09-20T02:00:15+00:00,rt,GMP,HND,2027-01-14T12:20:00+09:00,2027-01-21T08:45:00+09:00,NH,538108
2026-09-20T02:00:15+00:00,rt,GMP,HND,2026-09-29T19:50:00+09:00,2026-10-02T09:00:00+09:00,OZ,539658
2026-09-20T02:00:15+00:00,rt,GMP,HND,2026-10-14T19:55:00+09:00,2026-10-20T20:05:00+09:00,NH,540757
2026-09-20T02:00:15+00:00,rt,GMP,HND,2026-11-10T07:45:00+09:00,2026-11-15T08:45:00+09:00,NH,549236
2026-09-20T02:00:15+00:00,rt,GMP,HND,2026-11-29T07:45:00+09:00,2026-12-03T20:00:00+09:00,NH,551265
2026-09-20T02:00:15+00:00,rt,GMP,HND,2026-10-28T07:45:00+09:00,2026-11-10T20:00:00+09:00,NH,551292
2026-09-20T02:00:15+00:00,rt,GMP,HND,2027-03-15T07:45:00+09:00,2027-03-25T20:00:00+09:00,NH,551946
2026-09-20T02:00:15+00:00,rt,GMP,HND,2026-10-07T19:55:00+09:00,2026-10-12T20:05:00+09:00,NH,552050
2026-09-20T02:00:15+00:00,rt,GMP,HND,2026-09-29T08:00:00+09:00,2026-10-15T18:55:00+09:00,JL,554214
2026-09-20T02:00:15+00:00,rt,GMP,HND,2026-10-20T07:40:00+09:00,2026-11-10T20:00:00+09:00,NH,555374
2026-09-20T02:00:15+00:00,rt,GMP,HND,2026-11-10T07:45:00+09:00,2026-11-14T20:00:00+09:00,NH,557029
2026-09-20T02:00:15+00:00,rt,GMP,HND,2026-11-10T07:45:00+09:00,2026-11-13T20:00:00+09:00,NH,557721
2026-09-20T02:00:15+00:00,rt,GMP,HND,2027-03-15T07:45:00+09:00,2027-03-23T20:00:00+09:00,NH,557861
2026-09-20T02:00:15+00:00,rt,GMP,HND,2026-12-09T12:20:00+09:00,2026-12-13T08:45:00+09:00,NH,558080
2026-09-20T02:00:15+00:00,rt,GMP,HND,2026-12-06T07:45:00+09:00,2026-12-16T20:00:00+09:00,NH,558303
2026-09-20T02:00:15+00:00,rt,GMP,HND,2026-10-28T07:45:00+09:00,2026-11-04T20:00:00+09:00,NH,558310
2026-09-20T02:00:15+00:00,rt,GMP,HND,2027-01-25T12:20:00+09:00,2027-01-31T08:45:00+09:00,NH,558310
2026-09-20T02:00:15+00:00,rt,GMP,HND,2026-11-09T07:45:00+09:00,2026-11-12T20:00:00+09:00,NH,558926
2026-09-20T02:00:15+00:00,rt,GMP,HND,2026-12-01T07:45:00+09:00,2026-12-04T20:00:00+09:00,NH,560133
2026-09-20T02:00:15+00:00,rt,GMP,HND,2026-12-07T07:45:00+09:00,2026-12-13T08:45:00+09:00,NH,560133
2026-09-20T02:00:15+00:00,rt,GMP,HND,2026-12-10T19:50:00+09:00,2026-12-13T08:45:00+09:00,NH,561023
2026-09-20T02:00:15+00:00,rt,GMP,HND,2026-10-15T19:55:00+09:00,2026-10-19T20:05:00+09:00,NH,561597
2026-09-20T02:00:15+00:00,rt,GMP,HND,2026-12-03T07:45:00+09:00,2026-12-12T20:00:00+09:00,NH,563088
2026-09-20T02:00:15+00:00,rt,GMP,HND,2026-11-25T07:45:00+09:00,2026-12-12T20:00:00+09:00,NH,566078
2026-09-20T02:00:15+00:00,rt,GMP,HND,2027-03-05T07:45:00+09:00,2027-03-08T20:00:00+09:00,NH,568453
2026-09-20T02:00:15+00:00,rt,GMP,HND,2026-12-25T19:50:00+09:00,2027-01-06T08:45:00+09:00,NH,569659
2026-09-20T02:00:15+00:00,rt,GMP,HND,2026-10-06T07:40:00+09:00,2026-10-06T16:10:00+09:00,NH,570039
2026-09-20T02:00:15+00:00,rt,GMP,HND,2027-03-14T07:45:00+09:00,2027-03-27T20:00:00+09:00,NH,572041
2026-09-20T02:00:15+00:00,rt,GMP,HND,2026-10-13T07:40:00+09:00,2026-10-17T20:05:00+09:00,NH,572504
2026-09-20T02:00:15+00:00,rt,GMP,HND,2027-03-19T07:45:00+09:00,2027-03-30T20:05:00+09:00,NH,573364
2026-09-20T02:00:15+00:00,rt,GMP,HND,2026-10-13T07:40:00+09:00,2026-10-15T20:05:00+09:00,NH,573692
2026-09-20T02:00:15+00:00,rt,GMP,HND,2027-03-16T07:45:00+09:00,2027-03-19T20:00:00+09:00,NH,574117
2026-09-20T02:00:15+00:00,rt,GMP,HND,2026-11-28T19:50:00+09:00,2026-12-02T15:55:00+09:00,NH,574143
2026-09-20T02:00:15+00:00,rt,GMP,HND,2026-12-24T07:45:00+09:00,2027-01-02T08:45:00+09:00,NH,574143
2026-09-20T02:00:15+00:00,rt,GMP,HND,2027-03-01T19:50:00+09:00,2027-03-08T20:00:00+09:00,NH,574143
2026-09-20T02:00:15+00:00,rt,GMP,HND,2027-03-11T07:45:00+09:00,2027-03-23T20:00:00+09:00,NH,574143
2026-09-20T02:00:15+00:00,rt,GMP,HND,2026-11-04T07:45:00+09:00,2026-11-12T20:00:00+09:00,NH,575262
2026-09-20T02:00:15+00:00,rt,GMP,HND,2026-11-04T07:45:00+09:00,2026-11-10T20:00:00+09:00,NH,575278
2026-09-20T02:00:15+00:00,rt,GMP,HND,2026-10-30T19:35:00+09:00,2026-11-02T20:05:00+09:00,OZ,575407
2026-09-20T02:00:15+00:00,rt,GMP,HND,2026-10-27T19:50:00+09:00,2026-10-30T08:45:00+09:00,NH,575456
2026-09-20T02:00:15+00:00,rt,GMP,HND,2026-11-08T07:45:00+09:00,2026-11-11T20:00:00+09:00,NH,575514
2026-09-20T02:00:15+00:00,rt,GMP,HND,2027-03-04T19:50:00+09:00,2027-03-11T20:00:00+09:00,NH,575729
2026-09-20T02:00:15+00:00,rt,GMP,HND,2026-09-28T07:40:00+09:00,2026-10-14T16:10:00+09:00,NH,576068
2026-09-20T02:00:15+00:00,rt,GMP,HND,2027-03-15T19:50:00+09:00,2027-03-27T20:00:00+09:00,NH,576159
2026-09-20T02:00:15+00:00,rt,GMP,HND,2026-12-10T19:50:00+09:00,2026-12-15T15:55:00+09:00,NH,577608
2026-09-20T02:00:15+00:00,rt,GMP,HND,2026-12-19T07:45:00+09:00,2027-01-04T20:00:00+09:00,NH,577744
2026-09-20T02:00:15+00:00,rt,GMP,HND,2026-11-01T07:45:00+09:00,2026-11-10T20:00:00+09:00,NH,578494
2026-09-20T02:00:15+00:00,rt,GMP,HND,2026-11-09T07:45:00+09:00,2026-11-17T20:00:00+09:00,NH,578494
2026-09-20T02:00:15+00:00,rt,GMP,HND,2026-11-21T12:20:00+09:00,2026-12-03T20:00:00+09:00,NH,578550
2026-09-20T02:00:15+00:00,rt,GMP,HND,2026-10-20T07:40:00+09:00,2026-10-29T08:45:00+09:00,NH,578588
2026-09-20T02:00:15+00:00,rt,GMP,HND,2026-11-12T12:20:00+09:00,2026-11-25T20:00:00+09:00,NH,579393
2026-09-20T02:00:15+00:00,rt,GMP,HND,2026-12-03T07:45:00+09:00,2026-12-03T20:00:00+09:00,NH,579427
2026-09-20T02:00:15+00:00,rt,GMP,HND,2026-12-05T07:45:00+09:00,2026-12-08T15:55:00+09:00,NH,580186
2026-09-20T02:00:15+00:00,rt,GMP,HND,2026-11-25T19:50:00+09:00,2026-11-29T08:45:00+09:00,NH,580263
2026-09-20T02:00:15+00:00,rt,GMP,HND,2026-12-03T07:45:00+09:00,2027-01-17T08:45:00+09:00,NH,580630
2026-09-20T02:00:15+00:00,rt,GMP,HND,2026-10-17T08:40:00+09:00,2026-11-12T20:05:00+09:00,OZ,580955
2026-09-20T02:00:15+00:00,rt,GMP,HND,2026-10-17T08:40:00+09:00,2026-10-20T20:05:00+09:00,OZ,581658
2026-09-20T02:00:15+00:00,rt,GMP,HND,2026-12-01T07:45:00+09:00,2026-12-12T15:55:00+09:00,NH,584965
2026-09-20T02:00:15+00:00,rt,GMP,HND,2026-12-05T12:20:00+09:00,2026-12-06T08:45:00+09:00,NH,585743
2026-09-20T02:00:15+00:00,rt,GMP,HND,2026-11-03T08:40:00+09:00,2026-11-07T20:05:00+09:00,OZ,586139
2026-09-20T02:00:15+00:00,rt,GMP,HND,2026-11-02T19:35:00+09:00,2026-11-04T08:40:00+09:00,OZ,586355
2026-09-20T02:00:15+00:00,rt,GMP,HND,2026-10-18T07:40:00+09:00,2026-10-22T20:05:00+09:00,NH,587697
2026-09-20T02:00:15+00:00,rt,GMP,HND,2026-10-13T07:40:00+09:00,2026-10-22T20:05:00+09:00,NH,589172
2026-09-20T02:00:15+00:00,rt,GMP,HND,2026-12-28T07:45:00+09:00,2027-01-04T20:00:00+09:00,NH,589799
2026-09-20T02:00:15+00:00,rt,GMP,HND,2026-11-16T07:45:00+09:00,2026-11-19T20:00:00+09:00,NH,591342
2026-09-20T02:00:15+00:00,rt,GMP,HND,2026-11-04T07:45:00+09:00,2026-11-16T20:00:00+09:00,NH,591583
2026-09-20T02:00:15+00:00,rt,GMP,HND,2026-10-05T19:50:00+09:00,2026-10-19T20:05:00+09:00,OZ,591807
2026-09-20T02:00:15+00:00,rt,GMP,HND,2026-09-30T08:00:00+09:00,2026-10-04T15:35:00+09:00,JL,591847
2026-09-20T02:00:15+00:00,rt,GMP,HND,2026-09-30T19:50:00+09:00,2026-10-16T12:05:00+09:00,OZ,594078
2026-09-20T02:00:15+00:00,rt,GMP,HND,2026-11-07T19:50:00+09:00,2026-11-17T20:00:00+09:00,NH,595098
2026-09-20T02:00:15+00:00,rt,GMP,HND,2026-10-31T12:20:00+09:00,2026-11-04T20:00:00+09:00,NH,595775
2026-09-20T02:00:15+00:00,rt,GMP,HND,2026-10-20T07:40:00+09:00,2026-10-26T20:00:00+09:00,NH,596182
2026-09-20T02:00:15+00:00,rt,GMP,HND,2026-11-10T07:45:00+09:00,2026-11-23T20:00:00+09:00,NH,597295
2026-09-20T02:00:15+00:00,rt,GMP,HND,2026-11-04T07:45:00+09:00,2026-11-11T20:00:00+09:00,NH,598079
2026-09-20T02:00:15+00:00,rt,GMP,HND,2026-11-24T07:45:00+09:00,2026-11-30T20:00:00+09:00,NH,598624
2026-09-20T02:00:15+00:00,rt,GMP,HND,2027-02-04T07:45:00+09:00,2027-02-07T08:45:00+09:00,NH,599875
2026-09-20T02:00:15+00:00,rt,GMP,HND,2026-10-20T07:40:00+09:00,2026-10-24T20:05:00+09:00,NH,600605
2026-09-20T02:00:15+00:00,rt,GMP,HND,2026-11-14T19:50:00+09:00,2026-11-17T20:00:00+09:00,NH,601839
2026-09-20T02:00:15+00:00,rt,GMP,HND,2026-11-08T07:45:00+09:00,2026-11-10T20:00:00+09:00,NH,602342
2026-09-20T02:00:15+00:00,rt,GMP,HND,2026-10-22T19:55:00+09:00,2026-11-10T20:00:00+09:00,NH,602892
2026-09-20T02:00:15+00:00,rt,GMP,HND,2026-11-06T19:50:00+09:00,2026-11-11T20:00:00+09:00,NH,603442
2026-09-20T02:00:15+00:00,rt,GMP,HND,2026-11-13T19:50:00+09:00,2026-11-18T20:00:00+09:00,NH,603442
2026-09-20T02:00:15+00:00,rt,GMP,HND,2026-10-21T07:40:00+09:00,2026-10-24T20:05:00+09:00,NH,603801
2026-09-20T02:00:15+00:00,rt,GMP,HND,2026-10-29T15:50:00+09:00,2026-11-02T20:05:00+09:00,OZ,605218
2026-09-20T02:00:15+00:00,rt,GMP,HND,2026-09-30T19:55:00+09:00,2026-10-03T20:05:00+09:00,NH,605659
2026-09-20T02:00:15+00:00,rt,GMP,HND,2027-01-05T07:45:00+09:00,2027-01-08T08:45:00+09:00,NH,605955
2026-09-20T02:00:15+00:00,rt,GMP,HND,2027-03-01T19:50:00+09:00,2027-03-26T20:00:00+09:00,NH,607375
2026-09-20T02:00:15+00:00,rt,GMP,HND,2026-11-27T19:50:00+09:00,2026-11-30T20:00:00+09:00,NH,607542
2026-09-20T02:00:15+00:00,rt,GMP,HND,2026-10-27T19:35:00+09:00,2026-11-01T12:05:00+09:00,OZ,609765
2026-09-20T02:00:15+00:00,rt,GMP,HND,2026-10-15T12:40:00+09:00,2026-10-22T20:05:00+09:00,NH,609897
2026-09-20T02:00:15+00:00,rt,GMP,HND,2026-11-02T15:50:00+09:00,2026-11-19T20:05:00+09:00,OZ,610012
2026-09-20T02:00:15+00:00,rt,GMP,HND,2026-11-19T19:50:00+09:00,2026-11-30T20:00:00+09:00,NH,610615
2026-09-20T02:00:15+00:00,rt,GMP,HND,2027-02-21T07:45:00+09:00,2027-02-25T20:00:00+09:00,NH,611703
2026-09-20T02:00:15+00:00,rt,GMP,HND,2026-10-29T15:50:00+09:00,2026-11-01T12:05:00+09:00,OZ,612442
2026-09-20T02:00:15+00:00,rt,GMP,HND,2026-10-11T08:00:00+09:00,2026-10-18T15:35:00+09:00,JL,615997
2026-09-20T02:00:15+00:00,rt,GMP,HND,2026-11-26T19:35:00+09:00,2026-11-29T08:40:00+09:00,OZ,618897
2026-09-20T02:00:15+00:00,rt,GMP,HND,2026-11-20T19:50:00+09:00,2026-11-29T08:45:00+09:00,NH,619570
2026-09-20T02:00:15+00:00,rt,GMP,HND,2026-10-26T19:35:00+09:00,2026-11-15T08:40:00+09:00,OZ,619808
2026-09-20T02:00:15+00:00,rt,GMP,HND,2026-10-26T19:35:00+09:00,2026-11-09T20:05:00+09:00,OZ,619882
2026-09-20T02:00:15+00:00,rt,GMP,HND,2026-11-02T19:35:00+09:00,2026-11-05T20:05:00+09:00,OZ,621163
2026-09-20T02:00:15+00:00,rt,GMP,HND,2026-11-04T08:40:00+09:00,2026-11-09T08:40:00+09:00,OZ,621651
2026-09-20T02:00:15+00:00,rt,GMP,HND,2026-11-02T15:50:00+09:00,2026-11-07T08:40:00+09:00,OZ,623998
2026-09-20T02:00:15+00:00,rt,GMP,HND,2026-10-07T19:50:00+09:00,2026-10-08T09:00:00+09:00,OZ,625676
2026-09-20T02:00:15+00:00,rt,GMP,HND,2026-10-13T07:40:00+09:00,2026-10-18T08:40:00+09:00,NH,626136
2026-09-20T02:00:15+00:00,rt,GMP,HND,2026-10-01T08:00:00+09:00,2026-10-07T18:55:00+09:00,JL,626301
2026-09-20T02:00:15+00:00,rt,GMP,HND,2027-03-13T12:20:00+09:00,2027-03-26T08:45:00+09:00,NH,627188
2026-09-20T02:00:15+00:00,rt,GMP,HND,2027-01-01T12:20:00+09:00,2027-01-06T08:45:00+09:00,NH,628630
2026-09-20T02:00:15+00:00,rt,GMP,HND,2027-01-01T12:20:00+09:00,2027-01-07T20:00:00+09:00,NH,628630
2026-09-20T02:00:15+00:00,rt,GMP,HND,2027-02-26T07:45:00+09:00,2027-03-05T20:00:00+09:00,NH,628854
2026-09-20T02:00:15+00:00,rt,GMP,HND,2026-11-09T07:45:00+09:00,2026-11-15T08:45:00+09:00,NH,629009
2026-09-20T02:00:15+00:00,rt,GMP,HND,2026-10-19T19:55:00+09:00,2026-10-26T20:00:00+09:00,NH,629541
2026-09-20T02:00:15+00:00,rt,GMP,HND,2026-10-09T19:55:00+09:00,2026-10-14T16:10:00+09:00,NH,630098
2026-09-20T02:00:15+00:00,rt,GMP,HND,2027-03-11T07:45:00+09:00,2027-03-14T20:00:00+09:00,NH,630547
2026-09-20T02:00:15+00:00,rt,GMP,HND,2026-11-22T07:45:00+09:00,2026-11-28T20:00:00+09:00,NH,631905
2026-09-20T02:00:15+00:00,rt,GMP,HND,2026-11-22T07:45:00+09:00,2026-11-29T08:45:00+09:00,NH,631905
2026-09-20T02:00:15+00:00,rt,GMP,HND,2026-11-15T07:45:00+09:00,2026-11-27T15:55:00+09:00,NH,632092
2026-09-20T02:00:15+00:00,rt,GMP,HND,2027-03-08T07:45:00+09:00,2027-03-14T20:00:00+09:00,NH,632343
2026-09-20T02:00:15+00:00,rt,GMP,HND,2026-12-30T07:45:00+09:00,2027-01-09T20:00:00+09:00,NH,633636
2026-09-20T02:00:15+00:00,rt,GMP,HND,2026-10-27T19:50:00+09:00,2026-10-31T08:45:00+09:00,NH,634155
2026-09-20T02:00:15+00:00,rt,GMP,HND,2026-10-09T19:55:00+09:00,2026-10-13T20:05:00+09:00,NH,634220
2026-09-20T02:00:15+00:00,rt,GMP,HND,2026-11-11T07:45:00+09:00,2026-11-16T20:00:00+09:00,NH,634220
2026-09-20T02:00:15+00:00,rt,GMP,HND,2026-11-20T19:50:00+09:00,2026-11-30T20:00:00+09:00,NH,635957
2026-09-20T02:00:15+00:00,rt,GMP,HND,2026-09-20T19:15:00+09:00,2026-09-28T18:55:00+09:00,JL,642259
2026-09-20T02:00:15+00:00,rt,GMP,HND,2027-01-04T07:45:00+09:00,2027-01-20T08:45:00+09:00,NH,643407
2026-09-20T02:00:15+00:00,rt,GMP,HND,2026-09-27T08:00:00+09:00,2026-10-13T18:55:00+09:00,JL,643636
2026-09-20T02:00:15+00:00,rt,GMP,HND,2026-10-14T19:55:00+09:00,2026-10-18T08:40:00+09:00,NH,647986
2026-09-20T02:00:15+00:00,rt,GMP,HND,2026-10-06T19:55:00+09:00,2026-10-09T20:05:00+09:00,NH,648461
2026-09-20T02:00:15+00:00,rt,GMP,HND,2026-11-17T07:45:00+09:00,2026-11-22T08:45:00+09:00,NH,648901
2026-09-20T02:00:15+00:00,rt,GMP,HND,2026-10-18T07:40:00+09:00,2026-11-01T08:45:00+09:00,NH,650643
2026-09-20T02:00:15+00:00,rt,GMP,HND,2026-10-22T19:55:00+09:00,2026-10-29T08:45:00+09:00,NH,650771
2026-09-20T02:00:15+00:00,rt,GMP,HND,2026-12-29T07:45:00+09:00,2027-01-03T08:45:00+09:00,NH,651205
2026-09-20T02:00:15+00:00,rt,GMP,HND,2027-02-02T07:45:00+09:00,2027-02-09T08:45:00+09:00,NH,652650
2026-09-20T02:00:15+00:00,rt,GMP,HND,2026-11-21T12:20:00+09:00,2026-12-06T08:45:00+09:00,NH,652787
2026-09-20T02:00:15+00:00,rt,GMP,HND,2026-11-11T19:50:00+09:00,2026-11-23T15:55:00+09:00,NH,653408
2026-09-20T02:00:15+00:00,rt,GMP,HND,2027-01-30T12:20:00+09:00,2027-02-09T08:45:00+09:00,NH,654487
2026-09-20T02:00:15+00:00,rt,GMP,HND,2027-02-16T07:45:00+09:00,2027-02-21T08:45:00+09:00,NH,654487
2026-09-20T02:00:15+00:00,rt,GMP,HND,2026-10-16T08:00:00+09:00,2026-10-18T18:55:00+09:00,JL,654494
2026-09-20T02:00:15+00:00,rt,GMP,HND,2026-10-28T07:45:00+09:00,2026-10-31T08:45:00+09:00,NH,654789
2026-09-20T02:00:15+00:00,rt,GMP,HND,2026-11-19T07:45:00+09:00,2026-11-23T08:45:00+09:00,NH,655506
2026-09-20T02:00:15+00:00,rt,GMP,HND,2026-12-17T19:50:00+09:00,2026-12-25T15:55:00+09:00,NH,656704
2026-09-20T02:00:15+00:00,rt,GMP,HND,2026-11-14T19:50:00+09:00,2026-11-16T20:00:00+09:00,NH,657131
2026-09-20T02:00:15+00:00,rt,GMP,HND,2026-10-15T19:55:00+09:00,2026-10-31T08:45:00+09:00,NH,658954
2026-09-20T02:00:15+00:00,rt,GMP,HND,2026-11-06T19:50:00+09:00,2026-11-09T15:55:00+09:00,NH,659546
2026-09-20T02:00:15+00:00,rt,GMP,HND,2026-12-28T07:45:00+09:00,2026-12-31T08:45:00+09:00,NH,659546
2026-09-20T02:00:15+00:00,rt,GMP,HND,2027-02-23T08:15:00+09:00,2027-02-23T15:45:00+09:00,JL,659812
2026-09-20T02:00:15+00:00,rt,GMP,HND,2026-11-13T19:50:00+09:00,2026-11-16T20:00:00+09:00,NH,660138
2026-09-20T02:00:15+00:00,rt,GMP,HND,2026-10-25T08:15:00+09:00,2026-10-29T19:30:00+09:00,JL,660543
2026-09-20T02:00:15+00:00,rt,GMP,HND,2026-12-19T07:45:00+09:00,2026-12-26T20:00:00+09:00,NH,660736
2026-09-20T02:00:15+00:00,rt,GMP,HND,2026-11-08T07:45:00+09:00,2026-11-09T20:00:00+09:00,NH,661254
2026-09-20T02:00:15+00:00,rt,GMP,HND,2026-10-23T18:40:00+09:00,2026-10-29T19:50:00+09:00,KE,664808
2026-09-20T02:00:15+00:00,rt,GMP,HND,2026-10-16T07:40:00+09:00,2026-10-19T20:05:00+09:00,NH,667452
2026-09-20T02:00:15+00:00,rt,GMP,HND,2026-10-03T19:55:00+09:00,2026-10-06T08:40:00+09:00,NH,667755
2026-09-20T02:00:15+00:00,rt,GMP,HND,2026-11-14T19:50:00+09:00,2026-11-15T08:45:00+09:00,NH,671486
2026-09-20T02:00:15+00:00,rt,GMP,HND,2026-10-12T08:00:00+09:00,2026-10-15T18:55:00+09:00,JL,671862
2026-09-20T02:00:15+00:00,rt,GMP,HND,2027-02-15T08:15:00+09:00,2027-02-22T08:10:00+09:00,JL,673552
2026-09-20T02:00:15+00:00,rt,GMP,HND,2026-11-19T19:40:00+09:00,2026-11-22T08:10:00+09:00,JL,674618
2026-09-20T02:00:15+00:00,rt,GMP,HND,2026-11-13T19:50:00+09:00,2026-11-15T08:45:00+09:00,NH,682375
2026-09-20T02:00:15+00:00,rt,GMP,HND,2026-11-14T12:20:00+09:00,2026-11-14T20:00:00+09:00,NH,685323
2026-09-20T02:00:15+00:00,rt,GMP,HND,2026-10-05T08:00:00+09:00,2026-10-07T18:55:00+09:00,JL,685580
2026-09-20T02:00:15+00:00,rt,GMP,HND,2026-11-20T19:50:00+09:00,2026-11-23T15:55:00+09:00,NH,685625
2026-09-20T02:00:15+00:00,rt,GMP,HND,2026-10-01T19:50:00+09:00,2026-10-04T12:05:00+09:00,OZ,685758
2026-09-20T02:00:15+00:00,rt,GMP,HND,2026-10-12T08:00:00+09:00,2026-10-14T18:55:00+09:00,JL,689968
2026-09-20T02:00:15+00:00,rt,GMP,HND,2027-01-02T07:45:00+09:00,2027-01-09T20:00:00+09:00,NH,693772
2026-09-20T02:00:15+00:00,rt,GMP,HND,2026-10-28T07:45:00+09:00,2026-11-08T08:45:00+09:00,NH,694197
2026-09-20T02:00:15+00:00,rt,GMP,HND,2026-10-23T18:40:00+09:00,2026-11-20T09:45:00+09:00,KE,696084
2026-09-20T02:00:15+00:00,rt,GMP,HND,2026-11-07T12:05:00+09:00,2026-11-08T15:45:00+09:00,JL,696992
2026-09-20T02:00:15+00:00,rt,GMP,HND,2026-10-10T07:40:00+09:00,2026-10-11T16:10:00+09:00,NH,699965
2026-09-20T02:00:15+00:00,rt,GMP,HND,2026-11-12T19:40:00+09:00,2026-11-22T08:10:00+09:00,JL,701429
2026-09-20T02:00:15+00:00,rt,GMP,HND,2026-09-25T12:40:00+09:00,2026-09-30T20:05:00+09:00,NH,705279
2026-09-20T02:00:15+00:00,rt,GMP,HND,2026-10-30T19:50:00+09:00,2026-11-09T15:55:00+09:00,NH,707579
2026-09-20T02:00:15+00:00,rt,GMP,HND,2026-10-01T08:00:00+09:00,2026-10-17T18:55:00+09:00,JL,709331
2026-09-20T02:00:15+00:00,rt,GMP,HND,2027-02-21T07:45:00+09:00,2027-03-02T20:00:00+09:00,NH,710229
2026-09-20T02:00:15+00:00,rt,GMP,HND,2026-11-06T19:50:00+09:00,2026-11-08T08:45:00+09:00,NH,712477
2026-09-20T02:00:15+00:00,rt,GMP,HND,2027-01-03T07:45:00+09:00,2027-01-08T20:00:00+09:00,NH,713398
2026-09-20T02:00:15+00:00,rt,GMP,HND,2026-10-22T19:55:00+09:00,2026-10-25T08:45:00+09:00,NH,718415
2026-09-20T02:00:15+00:00,rt,GMP,HND,2026-10-05T15:45:00+09:00,2026-10-16T12:05:00+09:00,OZ,718671
2026-09-20T02:00:15+00:00,rt,GMP,HND,2026-10-03T18:40:00+09:00,2026-11-12T12:25:00+09:00,KE,719752
2026-09-20T02:00:15+00:00,rt,GMP,HND,2026-10-03T19:15:00+09:00,2026-10-07T18:55:00+09:00,JL,721100
2026-09-20T02:00:15+00:00,rt,GMP,HND,2026-11-22T08:15:00+09:00,2026-11-22T15:45:00+09:00,JL,721857
2026-09-20T02:00:15+00:00,rt,GMP,HND,2026-09-27T08:00:00+09:00,2026-09-28T18:55:00+09:00,JL,723270
2026-09-20T02:00:15+00:00,rt,GMP,HND,2026-10-12T08:00:00+09:00,2026-10-18T15:35:00+09:00,JL,724090
2026-09-20T02:00:15+00:00,rt,GMP,HND,2026-09-21T08:00:00+09:00,2026-09-28T18:55:00+09:00,JL,726686
2026-09-20T02:00:15+00:00,rt,GMP,HND,2026-12-14T08:40:00+09:00,2026-12-28T08:40:00+09:00,OZ,729379
2026-09-20T02:00:15+00:00,rt,GMP,HND,2027-02-13T07:45:00+09:00,2027-02-20T20:00:00+09:00,NH,730496
2026-09-20T02:00:15+00:00,rt,GMP,HND,2026-10-07T18:40:00+09:00,2026-10-11T09:20:00+09:00,KE,731522
2026-09-20T02:00:15+00:00,rt,GMP,HND,2026-10-10T08:00:00+09:00,2026-10-10T15:35:00+09:00,JL,732120
2026-09-20T02:00:15+00:00,rt,GMP,HND,2027-01-04T07:45:00+09:00,2027-01-08T08:45:00+09:00,NH,732639
2026-09-20T02:00:15+00:00,rt,GMP,HND,2027-01-03T07:45:00+09:00,2027-01-09T20:00:00+09:00,NH,732908
2026-09-20T02:00:15+00:00,rt,GMP,HND,2026-10-12T08:00:00+09:00,2026-10-19T15:35:00+09:00,JL,737143
2026-09-20T02:00:15+00:00,rt,GMP,HND,2026-09-20T15:45:00+09:00,2026-09-27T09:00:00+09:00,OZ,740151
2026-09-20T02:00:15+00:00,rt,GMP,HND,2026-10-08T08:00:00+09:00,2026-10-08T18:55:00+09:00,JL,745803
2026-09-20T02:00:15+00:00,rt,GMP,HND,2026-10-07T16:20:00+09:00,2026-10-10T09:20:00+09:00,KE,752860
2026-09-20T02:00:15+00:00,rt,GMP,HND,2026-10-03T19:50:00+09:00,2026-10-19T20:05:00+09:00,OZ,759382
2026-09-20T02:00:15+00:00,rt,GMP,HND,2026-10-02T18:40:00+09:00,2026-10-04T15:35:00+09:00,KE,763723
2026-09-20T02:00:15+00:00,rt,GMP,HND,2026-10-09T19:15:00+09:00,2026-10-11T15:35:00+09:00,JL,768255
2026-09-20T02:00:15+00:00,rt,GMP,HND,2026-10-03T19:50:00+09:00,2026-10-18T20:05:00+09:00,OZ,778985
2026-09-20T02:00:15+00:00,rt,GMP,HND,2026-10-07T18:40:00+09:00,2026-10-09T09:20:00+09:00,KE,782095
2026-09-20T02:00:15+00:00,rt,GMP,HND,2026-10-08T19:50:00+09:00,2026-10-10T09:00:00+09:00,OZ,782231
2026-09-20T02:00:15+00:00,rt,GMP,HND,2026-10-05T15:45:00+09:00,2026-10-09T09:00:00+09:00,OZ,792582
2026-09-20T02:00:15+00:00,rt,GMP,HND,2026-12-19T15:50:00+09:00,2026-12-27T12:05:00+09:00,OZ,795451
2026-09-20T02:00:15+00:00,rt,GMP,HND,2026-12-22T19:35:00+09:00,2026-12-27T12:05:00+09:00,OZ,812287
2026-09-20T02:00:15+00:00,rt,GMP,HND,2026-10-08T16:20:00+09:00,2026-10-11T12:35:00+09:00,KE,817911
2026-09-20T02:00:15+00:00,rt,GMP,HND,2026-10-01T08:00:00+09:00,2026-10-05T08:20:00+09:00,JL,825198
2026-09-20T02:00:15+00:00,rt,GMP,HND,2026-10-01T08:00:00+09:00,2026-10-10T15:35:00+09:00,JL,829460
2026-09-20T02:00:15+00:00,rt,GMP,HND,2026-10-12T08:40:00+09:00,2026-10-25T20:05:00+09:00,OZ,829991
2026-09-20T02:00:15+00:00,rt,GMP,HND,2026-09-24T16:20:00+09:00,2026-09-25T12:35:00+09:00,KE,842362
2026-09-20T02:00:15+00:00,rt,GMP,HND,2026-10-05T15:45:00+09:00,2026-10-11T09:00:00+09:00,OZ,850650
2026-09-20T02:00:15+00:00,rt,GMP,HND,2026-09-25T19:50:00+09:00,2026-09-27T09:00:00+09:00,OZ,872303
2026-09-20T02:00:15+00:00,rt,GMP,HND,2026-10-02T18:40:00+09:00,2026-10-18T18:55:00+09:00,KE,888619
2026-09-20T02:00:15+00:00,rt,GMP,HND,2026-09-25T15:45:00+09:00,2026-09-25T20:05:00+09:00,OZ,1004364
2026-09-20T02:00:15+00:00,rt,GMP,HND,2026-09-22T07:40:00+09:00,2026-09-25T20:05:00+09:00,NH,1018623
2026-09-20T02:00:15+00:00,rt,GMP,HND,2026-09-22T07:40:00+09:00,2026-09-26T12:35:00+09:00,NH,1022050
2026-09-20T02:00:15+00:00,rt,GMP,HND,2026-09-24T07:40:00+09:00,2026-09-29T20:05:00+09:00,NH,1035960
2026-09-20T02:00:15+00:00,rt,GMP,HND,2026-09-22T07:40:00+09:00,2026-09-28T20:05:00+09:00,NH,1081702
2026-09-20T02:00:15+00:00,rt,GMP,HND,2026-09-24T15:45:00+09:00,2026-09-28T20:05:00+09:00,OZ,1301799
2026-09-20T02:00:15+00:00,rt,GMP,HND,2026-09-24T19:55:00+09:00,2026-10-02T09:00:00+09:00,NH,1331048
2026-09-20T02:00:15+00:00,rt,GMP,HND,2026-09-23T08:40:00+09:00,2026-10-07T20:05:00+09:00,OZ,1360823
2026-09-20T02:00:15+00:00,rt,GMP,HND,2026-09-23T18:40:00+09:00,2026-09-27T09:00:00+09:00,KE,1376091
2026-09-20T02:00:15+00:00,rt,GMP,HND,2026-09-24T19:55:00+09:00,2026-09-27T09:00:00+09:00,OZ,1380668
2026-09-20T02:00:15+00:00,rt,GMP,HND,2026-09-22T09:00:00+09:00,2026-09-29T09:00:00+09:00,KE,1410947
2026-09-20T02:00:15+00:00,rt,GMP,HND,2026-09-22T08:40:00+09:00,2026-09-27T09:00:00+09:00,OZ,1431791
2026-09-20T02:00:15+00:00,rt,GMP,HND,2026-09-22T16:20:00+09:00,2026-10-01T20:05:00+09:00,KE,1453723
2026-09-20T02:00:15+00:00,rt,GMP,HND,2026-09-23T08:00:00+09:00,2026-09-26T12:35:00+09:00,JL,1458502
2026-09-20T02:00:15+00:00,ow,GMP,KIX,2026-11-25T11:20:00+09:00,,MM,71236
2026-09-20T02:00:15+00:00,ow,GMP,KIX,2026-10-29T11:20:00+09:00,,MM,77291
2026-09-20T02:00:15+00:00,ow,GMP,KIX,2026-10-07T11:25:00+09:00,,MM,77553
2026-09-20T02:00:15+00:00,ow,GMP,KIX,2026-10-06T11:25:00+09:00,,MM,77684
2026-09-20T02:00:15+00:00,ow,GMP,KIX,2026-10-28T11:20:00+09:00,,MM,77936
2026-09-20T02:00:15+00:00,ow,GMP,KIX,2026-10-20T17:05:00+09:00,,MM,82959
2026-09-20T02:00:15+00:00,ow,GMP,KIX,2026-10-26T13:10:00+09:00,,MM,83991
2026-09-20T02:00:15+00:00,ow,GMP,KIX,2026-10-21T11:25:00+09:00,,MM,85085
2026-09-20T02:00:15+00:00,ow,GMP,KIX,2026-09-29T18:50:00+09:00,,MM,86915
2026-09-20T02:00:15+00:00,ow,GMP,KIX,2026-10-27T11:20:00+09:00,,MM,87167
2026-09-20T02:00:15+00:00,ow,GMP,KIX,2027-03-10T11:20:00+09:00,,MM,93345
2026-09-20T02:00:15+00:00,ow,GMP,KIX,2026-12-02T11:20:00+09:00,,MM,95228
2026-09-20T02:00:15+00:00,ow,GMP,KIX,2026-12-01T11:20:00+09:00,,MM,95712
2026-09-20T02:00:15+00:00,ow,GMP,KIX,2026-11-10T13:10:00+09:00,,MM,96543
2026-09-20T02:00:15+00:00,ow,GMP,KIX,2026-12-08T13:10:00+09:00,,MM,96772
2026-09-20T02:00:15+00:00,ow,GMP,KIX,2026-12-07T11:20:00+09:00,,MM,96774
2026-09-20T02:00:15+00:00,ow,GMP,KIX,2026-11-17T11:20:00+09:00,,MM,96917
2026-09-20T02:00:15+00:00,ow,GMP,KIX,2027-03-15T11:20:00+09:00,,MM,96999
2026-09-20T02:00:15+00:00,ow,GMP,KIX,2026-12-22T11:20:00+09:00,,MM,97574
2026-09-20T02:00:15+00:00,ow,GMP,KIX,2027-03-08T11:20:00+09:00,,MM,99027
2026-09-20T02:00:15+00:00,ow,GMP,KIX,2027-03-14T11:20:00+09:00,,MM,99437
2026-09-20T02:00:15+00:00,ow,GMP,KIX,2027-03-17T11:20:00+09:00,,MM,100232
2026-09-20T02:00:15+00:00,ow,GMP,KIX,2027-02-16T13:10:00+09:00,,MM,100574
2026-09-20T02:00:15+00:00,ow,GMP,KIX,2027-03-07T11:20:00+09:00,,MM,100661
2026-09-20T02:00:15+00:00,ow,GMP,KIX,2026-10-13T13:55:00+09:00,,7C,104500
2026-09-20T02:00:15+00:00,ow,GMP,KIX,2026-11-01T11:20:00+09:00,,MM,106295
2026-09-20T02:00:15+00:00,ow,GMP,KIX,2026-11-18T13:10:00+09:00,,MM,106508
2026-09-20T02:00:15+00:00,ow,GMP,KIX,2026-12-10T13:10:00+09:00,,MM,106804
2026-09-20T02:00:15+00:00,ow,GMP,KIX,2026-11-16T13:10:00+09:00,,MM,107116
2026-09-20T02:00:15+00:00,ow,GMP,KIX,2026-10-22T13:10:00+09:00,,MM,110023
2026-09-20T02:00:15+00:00,ow,GMP,KIX,2026-11-04T11:20:00+09:00,,MM,111245
2026-09-20T02:00:15+00:00,ow,GMP,KIX,2027-03-13T13:10:00+09:00,,MM,112156
2026-09-20T02:00:15+00:00,ow,GMP,KIX,2027-01-22T13:10:00+09:00,,MM,112530
2026-09-20T02:00:15+00:00,ow,GMP,KIX,2027-03-11T13:10:00+09:00,,MM,113338
2026-09-20T02:00:15+00:00,ow,GMP,KIX,2027-02-25T11:20:00+09:00,,MM,113503
2026-09-20T02:00:15+00:00,ow,GMP,KIX,2026-12-04T13:10:00+09:00,,MM,118325
2026-09-20T02:00:15+00:00,ow,GMP,KIX,2027-01-16T13:10:00+09:00,,MM,119169
2026-09-20T02:00:15+00:00,ow,GMP,KIX,2026-10-19T17:05:00+09:00,,MM,120206
2026-09-20T02:00:15+00:00,ow,GMP,KIX,2026-12-29T11:20:00+09:00,,MM,122373
2026-09-20T02:00:15+00:00,ow,GMP,KIX,2026-10-11T11:25:00+09:00,,MM,123260
2026-09-20T02:00:15+00:00,ow,GMP,KIX,2027-02-18T11:20:00+09:00,,MM,123343
2026-09-20T02:00:15+00:00,ow,GMP,KIX,2027-02-22T11:20:00+09:00,,MM,123519
2026-09-20T02:00:15+00:00,ow,GMP,KIX,2026-10-10T13:10:00+09:00,,MM,123687
2026-09-20T02:00:15+00:00,ow,GMP,KIX,2026-11-30T11:20:00+09:00,,MM,123839
2026-09-20T02:00:15+00:00,ow,GMP,KIX,2027-02-21T11:20:00+09:00,,MM,123964
2026-09-20T02:00:15+00:00,ow,GMP,KIX,2026-11-11T13:10:00+09:00,,MM,124905
2026-09-20T02:00:15+00:00,ow,GMP,KIX,2027-02-01T11:20:00+09:00,,MM,124949
2026-09-20T02:00:15+00:00,ow,GMP,KIX,2027-03-12T13:10:00+09:00,,MM,125154
2026-09-20T02:00:15+00:00,ow,GMP,KIX,2026-12-03T13:10:00+09:00,,MM,125954
2026-09-20T02:00:15+00:00,ow,GMP,KIX,2027-03-18T13:10:00+09:00,,MM,126246
2026-09-20T02:00:15+00:00,ow,GMP,KIX,2026-10-14T08:10:00+09:00,,7C,127179
2026-09-20T02:00:15+00:00,ow,GMP,KIX,2026-09-28T18:50:00+09:00,,MM,129846
2026-09-20T02:00:15+00:00,ow,GMP,KIX,2026-12-28T13:10:00+09:00,,MM,131489
2026-09-20T02:00:15+00:00,ow,GMP,KIX,2026-11-24T11:20:00+09:00,,MM,131510
2026-09-20T02:00:15+00:00,ow,GMP,KIX,2027-01-06T17:00:00+09:00,,MM,132096
2026-09-20T02:00:15+00:00,ow,GMP,KIX,2027-01-05T08:00:00+09:00,,7C,133443
2026-09-20T02:00:15+00:00,ow,GMP,KIX,2026-11-29T11:20:00+09:00,,MM,134921
2026-09-20T02:00:15+00:00,ow,GMP,KIX,2026-11-09T13:40:00+09:00,,7C,135138
2026-09-20T02:00:15+00:00,ow,GMP,KIX,2026-11-05T11:20:00+09:00,,MM,135775
2026-09-20T02:00:15+00:00,ow,GMP,KIX,2027-01-18T13:10:00+09:00,,MM,135953
2026-09-20T02:00:15+00:00,ow,GMP,KIX,2026-11-19T13:10:00+09:00,,MM,136105
2026-09-20T02:00:15+00:00,ow,GMP,KIX,2026-10-31T17:00:00+09:00,,MM,136137
2026-09-20T02:00:15+00:00,ow,GMP,KIX,2026-10-25T11:20:00+09:00,,MM,136169
2026-09-20T02:00:15+00:00,ow,GMP,KIX,2027-01-20T13:10:00+09:00,,MM,136497
2026-09-20T02:00:15+00:00,ow,GMP,KIX,2027-02-19T13:10:00+09:00,,MM,136695
2026-09-20T02:00:15+00:00,ow,GMP,KIX,2027-02-20T13:10:00+09:00,,MM,137125
2026-09-20T02:00:15+00:00,ow,GMP,KIX,2027-01-14T17:00:00+09:00,,MM,137266
2026-09-20T02:00:15+00:00,ow,GMP,KIX,2027-01-07T13:10:00+09:00,,MM,138337
2026-09-20T02:00:15+00:00,ow,GMP,KIX,2026-10-17T13:10:00+09:00,,MM,140686
2026-09-20T02:00:15+00:00,ow,GMP,KIX,2026-10-30T13:10:00+09:00,,MM,142821
2026-09-20T02:00:15+00:00,ow,GMP,KIX,2026-11-02T08:00:00+09:00,,7C,144708
2026-09-20T02:00:15+00:00,ow,GMP,KIX,2026-11-28T13:10:00+09:00,,MM,145385
2026-09-20T02:00:15+00:00,ow,GMP,KIX,2026-11-15T08:00:00+09:00,,7C,145608
2026-09-20T02:00:15+00:00,ow,GMP,KIX,2026-12-12T11:20:00+09:00,,MM,147781
2026-09-20T02:00:15+00:00,ow,GMP,KIX,2026-09-30T13:10:00+09:00,,MM,149506
2026-09-20T02:00:15+00:00,ow,GMP,KIX,2026-10-15T13:10:00+09:00,,MM,149850
2026-09-20T02:00:15+00:00,ow,GMP,KIX,2026-11-08T08:00:00+09:00,,7C,150146
2026-09-20T02:00:15+00:00,ow,GMP,KIX,2026-11-27T17:00:00+09:00,,MM,150458
2026-09-20T02:00:15+00:00,ow,GMP,KIX,2026-10-16T17:05:00+09:00,,MM,150836
2026-09-20T02:00:15+00:00,ow,GMP,KIX,2027-03-19T13:10:00+09:00,,MM,151220
2026-09-20T02:00:15+00:00,ow,GMP,KIX,2026-10-12T08:10:00+09:00,,7C,153805
2026-09-20T02:00:15+00:00,ow,GMP,KIX,2026-11-20T11:20:00+09:00,,MM,154515
2026-09-20T02:00:15+00:00,ow,GMP,KIX,2026-12-27T11:20:00+09:00,,MM,155729
2026-09-20T02:00:15+00:00,ow,GMP,KIX,2026-11-03T08:00:00+09:00,,7C,155779
2026-09-20T02:00:15+00:00,ow,GMP,KIX,2026-11-06T13:10:00+09:00,,MM,156190
2026-09-20T02:00:15+00:00,ow,GMP,KIX,2026-10-08T11:25:00+09:00,,MM,156962
2026-09-20T02:00:15+00:00,ow,GMP,KIX,2026-10-23T17:05:00+09:00,,MM,159606
2026-09-20T02:00:15+00:00,ow,GMP,KIX,2026-12-30T13:10:00+09:00,,MM,159957
2026-09-20T02:00:15+00:00,ow,GMP,KIX,2026-10-24T17:05:00+09:00,,MM,161166
2026-09-20T02:00:15+00:00,ow,GMP,KIX,2026-11-21T13:10:00+09:00,,MM,162702
2026-09-20T02:00:15+00:00,ow,GMP,KIX,2026-11-07T16:50:00+09:00,,KE,163302
2026-09-20T02:00:15+00:00,ow,GMP,KIX,2026-11-12T11:20:00+09:00,,MM,164538
2026-09-20T02:00:15+00:00,ow,GMP,KIX,2026-12-26T18:50:00+09:00,,MM,164847
2026-09-20T02:00:15+00:00,ow,GMP,KIX,2026-12-25T16:50:00+09:00,,KE,168196
2026-09-20T02:00:15+00:00,ow,GMP,KIX,2026-11-14T17:20:00+09:00,,OZ,177347
2026-09-20T02:00:15+00:00,ow,GMP,KIX,2026-10-05T13:55:00+09:00,,7C,181154
2026-09-20T02:00:15+00:00,ow,GMP,KIX,2026-09-20T17:05:00+09:00,,MM,181696
2026-09-20T02:00:15+00:00,ow,GMP,KIX,2026-11-13T16:50:00+09:00,,KE,189631
2026-09-20T02:00:15+00:00,ow,GMP,KIX,2026-10-09T17:40:00+09:00,,OZ,192010
2026-09-20T02:00:15+00:00,ow,GMP,KIX,2026-11-22T11:20:00+09:00,,MM,195536
2026-09-20T02:00:15+00:00,ow,GMP,KIX,2026-09-26T13:10:00+09:00,,MM,196043
2026-09-20T02:00:15+00:00,ow,GMP,KIX,2026-09-27T11:25:00+09:00,,MM,196133
2026-09-20T02:00:15+00:00,ow,GMP,KIX,2026-10-18T13:10:00+09:00,,MM,196363
2026-09-20T02:00:15+00:00,ow,GMP,KIX,2026-10-01T17:05:00+09:00,,MM,196451
2026-09-20T02:00:15+00:00,ow,GMP,KIX,2027-02-26T17:00:00+09:00,,MM,197057
2026-09-20T02:00:15+00:00,ow,GMP,KIX,2026-12-31T13:10:00+09:00,,MM,197390
2026-09-20T02:00:15+00:00,ow,GMP,KIX,2027-01-10T11:20:00+09:00,,MM,203120
2026-09-20T02:00:15+00:00,ow,GMP,KIX,2026-11-23T07:55:00+09:00,,OZ,208352
2026-09-20T02:00:15+00:00,ow,GMP,KIX,2026-09-21T11:25:00+09:00,,MM,213859
2026-09-20T02:00:15+00:00,ow,GMP,KIX,2027-01-04T11:20:00+09:00,,MM,219584
2026-09-20T02:00:15+00:00,ow,GMP,KIX,2026-10-04T13:10:00+09:00,,MM,240432
2026-09-20T02:00:15+00:00,ow,GMP,KIX,2026-10-03T17:05:00+09:00,,MM,246685
2026-09-20T02:00:15+00:00,ow,GMP,KIX,2026-09-25T18:50:00+09:00,,MM,259837
2026-09-20T02:00:15+00:00,ow,GMP,KIX,2027-01-11T11:20:00+09:00,,MM,260011
2026-09-20T02:00:15+00:00,ow,GMP,KIX,2027-02-23T11:20:00+09:00,,MM,265651
2026-09-20T02:00:15+00:00,ow,GMP,KIX,2026-10-02T13:55:00+09:00,,7C,272536
2026-09-20T02:00:15+00:00,ow,GMP,KIX,2027-01-02T11:20:00+09:00,,MM,334930
2026-09-20T02:00:15+00:00,ow,GMP,KIX,2027-01-03T11:20:00+09:00,,MM,336917
2026-09-20T02:00:15+00:00,ow,GMP,KIX,2027-02-05T08:00:00+09:00,,7C,376233
2026-09-20T02:00:15+00:00,ow,GMP,KIX,2026-09-22T11:25:00+09:00,,MM,416127
2026-09-20T02:00:15+00:00,ow,GMP,KIX,2026-09-24T08:10:00+09:00,,7C,430403
2026-09-20T02:00:15+00:00,ow,GMP,KIX,2026-09-23T09:15:00+09:00,,KE,695886
2026-09-20T02:00:15+00:00,ow,KIX,GMP,2027-01-06T14:10:00+09:00,,MM,107740
2026-09-20T02:00:15+00:00,ow,KIX,GMP,2027-01-07T14:10:00+09:00,,MM,115377
2026-09-20T02:00:15+00:00,ow,KIX,GMP,2026-12-16T14:10:00+09:00,,MM,117001
2026-09-20T02:00:15+00:00,ow,KIX,GMP,2026-12-22T10:20:00+09:00,,MM,117835
2026-09-20T02:00:15+00:00,ow,KIX,GMP,2026-12-17T14:10:00+09:00,,MM,118162
2026-09-20T02:00:15+00:00,ow,KIX,GMP,2026-12-23T08:30:00+09:00,,MM,119191
2026-09-20T02:00:15+00:00,ow,KIX,GMP,2026-09-23T16:05:00+09:00,,MM,124886
2026-09-20T02:00:15+00:00,ow,KIX,GMP,2027-01-14T14:10:00+09:00,,MM,126181
2026-09-20T02:00:15+00:00,ow,KIX,GMP,2026-09-24T16:05:00+09:00,,MM,128401
2026-09-20T02:00:15+00:00,ow,KIX,GMP,2026-11-11T14:10:00+09:00,,MM,134484
2026-09-20T02:00:15+00:00,ow,KIX,GMP,2026-12-15T16:00:00+09:00,,MM,135073
2026-09-20T02:00:15+00:00,ow,KIX,GMP,2026-12-10T14:10:00+09:00,,MM,135217
2026-09-20T02:00:15+00:00,ow,KIX,GMP,2026-11-04T16:00:00+09:00,,MM,135365
2026-09-20T02:00:15+00:00,ow,KIX,GMP,2027-01-05T10:20:00+09:00,,MM,135675
2026-09-20T02:00:15+00:00,ow,KIX,GMP,2026-12-02T16:00:00+09:00,,MM,136909
2026-09-20T02:00:15+00:00,ow,KIX,GMP,2026-09-30T10:25:00+09:00,,MM,139653
2026-09-20T02:00:15+00:00,ow,KIX,GMP,2026-11-18T14:10:00+09:00,,MM,140702
2026-09-20T02:00:15+00:00,ow,KIX,GMP,2026-12-03T16:00:00+09:00,,MM,144869
2026-09-20T02:00:15+00:00,ow,KIX,GMP,2027-01-20T08:30:00+09:00,,MM,144966
2026-09-20T02:00:15+00:00,ow,KIX,GMP,2026-09-25T10:25:00+09:00,,MM,146697
2026-09-20T02:00:15+00:00,ow,KIX,GMP,2026-11-25T16:00:00+09:00,,MM,147607
2026-09-20T02:00:15+00:00,ow,KIX,GMP,2026-11-06T10:20:00+09:00,,MM,147683
2026-09-20T02:00:15+00:00,ow,KIX,GMP,2027-03-06T14:10:00+09:00,,MM,148208
2026-09-20T02:00:15+00:00,ow,KIX,GMP,2027-03-12T14:10:00+09:00,,MM,148261
2026-09-20T02:00:15+00:00,ow,KIX,GMP,2027-03-13T14:10:00+09:00,,MM,148591
2026-09-20T02:00:15+00:00,ow,KIX,GMP,2026-11-10T08:30:00+09:00,,MM,148650
2026-09-20T02:00:15+00:00,ow,KIX,GMP,2027-03-07T14:10:00+09:00,,MM,148783
2026-09-20T02:00:15+00:00,ow,KIX,GMP,2027-03-17T08:30:00+09:00,,MM,149177
2026-09-20T02:00:15+00:00,ow,KIX,GMP,2026-12-14T10:20:00+09:00,,MM,149321
2026-09-20T02:00:15+00:00,ow,KIX,GMP,2027-02-01T08:30:00+09:00,,MM,149988
2026-09-20T02:00:15+00:00,ow,KIX,GMP,2026-10-29T16:00:00+09:00,,MM,150080
2026-09-20T02:00:15+00:00,ow,KIX,GMP,2026-09-22T10:25:00+09:00,,MM,150282
2026-09-20T02:00:15+00:00,ow,KIX,GMP,2026-12-20T08:30:00+09:00,,MM,150749
2026-09-20T02:00:15+00:00,ow,KIX,GMP,2027-03-15T08:30:00+09:00,,MM,150918
2026-09-20T02:00:15+00:00,ow,KIX,GMP,2026-12-04T16:00:00+09:00,,MM,151920
2026-09-20T02:00:15+00:00,ow,KIX,GMP,2027-01-11T10:45:00+09:00,,7C,153900
2026-09-20T02:00:15+00:00,ow,KIX,GMP,2026-11-26T16:00:00+09:00,,MM,155823
2026-09-20T02:00:15+00:00,ow,KIX,GMP,2026-10-07T16:05:00+09:00,,MM,156206
2026-09-20T02:00:15+00:00,ow,KIX,GMP,2026-12-11T16:00:00+09:00,,MM,156209
2026-09-20T02:00:15+00:00,ow,KIX,GMP,2026-10-27T14:10:00+09:00,,MM,159015
2026-09-20T02:00:15+00:00,ow,KIX,GMP,2026-12-18T14:10:00+09:00,,MM,159435
2026-09-20T02:00:15+00:00,ow,KIX,GMP,2026-09-29T08:35:00+09:00,,MM,159984
2026-09-20T02:00:15+00:00,ow,KIX,GMP,2027-01-23T10:20:00+09:00,,MM,159992
2026-09-20T02:00:15+00:00,ow,KIX,GMP,2026-10-01T08:35:00+09:00,,MM,160066
2026-09-20T02:00:15+00:00,ow,KIX,GMP,2027-03-14T14:10:00+09:00,,MM,160066
2026-09-20T02:00:15+00:00,ow,KIX,GMP,2026-11-17T16:00:00+09:00,,MM,160705
2026-09-20T02:00:15+00:00,ow,KIX,GMP,2026-11-12T16:00:00+09:00,,MM,161856
2026-09-20T02:00:15+00:00,ow,KIX,GMP,2026-09-26T14:20:00+09:00,,MM,162250
2026-09-20T02:00:15+00:00,ow,KIX,GMP,2026-12-01T10:45:00+09:00,,7C,169124
2026-09-20T02:00:15+00:00,ow,KIX,GMP,2026-11-05T10:45:00+09:00,,7C,170647
2026-09-20T02:00:15+00:00,ow,KIX,GMP,2027-01-22T08:30:00+09:00,,MM,174099
2026-09-20T02:00:15+00:00,ow,KIX,GMP,2026-12-07T10:45:00+09:00,,7C,177622
2026-09-20T02:00:15+00:00,ow,KIX,GMP,2026-11-24T14:10:00+09:00,,MM,181833
2026-09-20T02:00:15+00:00,ow,KIX,GMP,2026-10-23T16:05:00+09:00,,MM,183782
2026-09-20T02:00:15+00:00,ow,KIX,GMP,2026-11-30T08:30:00+09:00,,MM,183848
2026-09-20T02:00:15+00:00,ow,KIX,GMP,2026-11-27T14:10:00+09:00,,MM,183864
2026-09-20T02:00:15+00:00,ow,KIX,GMP,2026-10-26T14:10:00+09:00,,MM,183946
2026-09-20T02:00:15+00:00,ow,KIX,GMP,2026-11-19T16:00:00+09:00,,MM,186502
2026-09-20T02:00:15+00:00,ow,KIX,GMP,2026-12-19T14:10:00+09:00,,MM,186977
2026-09-20T02:00:15+00:00,ow,KIX,GMP,2026-10-02T14:20:00+09:00,,MM,187362
2026-09-20T02:00:15+00:00,ow,KIX,GMP,2026-12-05T10:45:00+09:00,,7C,187516
2026-09-20T02:00:15+00:00,ow,KIX,GMP,2026-11-23T08:30:00+09:00,,MM,187962
2026-09-20T02:00:15+00:00,ow,KIX,GMP,2026-10-21T16:05:00+09:00,,MM,188427
2026-09-20T02:00:15+00:00,ow,KIX,GMP,2026-10-15T14:20:00+09:00,,MM,188549
2026-09-20T02:00:15+00:00,ow,KIX,GMP,2026-10-28T08:30:00+09:00,,MM,188906
2026-09-20T02:00:15+00:00,ow,KIX,GMP,2026-10-08T10:25:00+09:00,,MM,191288
2026-09-20T02:00:15+00:00,ow,KIX,GMP,2027-01-17T08:30:00+09:00,,MM,192793
2026-09-20T02:00:15+00:00,ow,KIX,GMP,2026-11-13T16:25:00+09:00,,7C,194416
2026-09-20T02:00:15+00:00,ow,KIX,GMP,2026-12-06T10:45:00+09:00,,7C,195160
2026-09-20T02:00:15+00:00,ow,KIX,GMP,2026-12-13T14:10:00+09:00,,MM,196067
2026-09-20T02:00:15+00:00,ow,KIX,GMP,2026-12-24T08:30:00+09:00,,MM,196901
2026-09-20T02:00:15+00:00,ow,KIX,GMP,2027-01-08T08:30:00+09:00,,MM,198120
2026-09-20T02:00:15+00:00,ow,KIX,GMP,2026-10-06T16:05:00+09:00,,MM,199311
2026-09-20T02:00:15+00:00,ow,KIX,GMP,2026-09-28T14:20:00+09:00,,MM,199844
2026-09-20T02:00:15+00:00,ow,KIX,GMP,2027-01-10T14:10:00+09:00,,MM,200823
2026-09-20T02:00:15+00:00,ow,KIX,GMP,2026-10-14T16:30:00+09:00,,7C,200973
2026-09-20T02:00:15+00:00,ow,KIX,GMP,2027-03-18T10:20:00+09:00,,MM,201109
2026-09-20T02:00:15+00:00,ow,KIX,GMP,2026-10-22T16:05:00+09:00,,MM,201240
2026-09-20T02:00:15+00:00,ow,KIX,GMP,2027-01-25T08:30:00+09:00,,MM,202106
2026-09-20T02:00:15+00:00,ow,KIX,GMP,2026-11-16T10:45:00+09:00,,7C,202806
2026-09-20T02:00:15+00:00,ow,KIX,GMP,2027-01-24T08:30:00+09:00,,MM,203042
2026-09-20T02:00:15+00:00,ow,KIX,GMP,2027-01-04T10:45:00+09:00,,7C,205893
2026-09-20T02:00:15+00:00,ow,KIX,GMP,2026-10-03T16:30:00+09:00,,7C,210579
2026-09-20T02:00:15+00:00,ow,KIX,GMP,2026-11-28T10:45:00+09:00,,7C,211785
2026-09-20T02:00:15+00:00,ow,KIX,GMP,2026-10-30T14:10:00+09:00,,MM,212211
2026-09-20T02:00:15+00:00,ow,KIX,GMP,2026-11-14T10:45:00+09:00,,7C,213014
2026-09-20T02:00:15+00:00,ow,KIX,GMP,2027-01-01T08:30:00+09:00,,MM,218908
2026-09-20T02:00:15+00:00,ow,KIX,GMP,2027-02-12T10:20:00+09:00,,MM,219982
2026-09-20T02:00:15+00:00,ow,KIX,GMP,2026-10-19T14:20:00+09:00,,MM,220259
2026-09-20T02:00:15+00:00,ow,KIX,GMP,2026-11-09T14:10:00+09:00,,MM,221392
2026-09-20T02:00:15+00:00,ow,KIX,GMP,2026-10-20T16:05:00+09:00,,MM,221803
2026-09-20T02:00:15+00:00,ow,KIX,GMP,2026-11-07T10:45:00+09:00,,7C,235837
2026-09-20T02:00:15+00:00,ow,KIX,GMP,2026-11-20T10:45:00+09:00,,7C,239065
2026-09-20T02:00:15+00:00,ow,KIX,GMP,2026-10-04T11:00:00+09:00,,7C,243332
2026-09-20T02:00:15+00:00,ow,KIX,GMP,2026-11-02T11:05:00+09:00,,OZ,246994
2026-09-20T02:00:15+00:00,ow,KIX,GMP,2026-11-29T10:20:00+09:00,,MM,251202
2026-09-20T02:00:15+00:00,ow,KIX,GMP,2026-10-16T11:00:00+09:00,,7C,254558
2026-09-20T02:00:15+00:00,ow,KIX,GMP,2026-11-15T10:45:00+09:00,,7C,255083
2026-09-20T02:00:15+00:00,ow,KIX,GMP,2026-11-08T10:20:00+09:00,,MM,266426
2026-09-20T02:00:15+00:00,ow,KIX,GMP,2027-01-02T14:10:00+09:00,,MM,266525
2026-09-20T02:00:15+00:00,ow,KIX,GMP,2027-02-13T14:10:00+09:00,,MM,267168
2026-09-20T02:00:15+00:00,ow,KIX,GMP,2026-10-24T16:05:00+09:00,,MM,270742
2026-09-20T02:00:15+00:00,ow,KIX,GMP,2026-09-21T14:20:00+09:00,,MM,271815
2026-09-20T02:00:15+00:00,ow,KIX,GMP,2026-10-31T16:00:00+09:00,,MM,291834
2026-09-20T02:00:15+00:00,ow,KIX,GMP,2026-10-12T10:25:00+09:00,,MM,292097
2026-09-20T02:00:15+00:00,ow,KIX,GMP,2026-10-25T10:45:00+09:00,,7C,293226
2026-09-20T02:00:15+00:00,ow,KIX,GMP,2026-12-30T14:10:00+09:00,,MM,296470
2026-09-20T02:00:15+00:00,ow,KIX,GMP,2026-11-01T10:45:00+09:00,,7C,313811
2026-09-20T02:00:15+00:00,ow,KIX,GMP,2026-10-09T08:35:00+09:00,,MM,320989
2026-09-20T02:00:15+00:00,ow,KIX,GMP,2026-10-05T08:35:00+09:00,,MM,322424
2026-09-20T02:00:15+00:00,ow,KIX,GMP,2026-11-22T10:45:00+09:00,,7C,330279
2026-09-20T02:00:15+00:00,ow,KIX,GMP,2027-01-03T14:10:00+09:00,,MM,345786
2026-09-20T02:00:15+00:00,ow,KIX,GMP,2026-11-21T16:00:00+09:00,,MM,348860
2026-09-20T02:00:15+00:00,ow,KIX,GMP,2026-10-18T11:00:00+09:00,,7C,349203
2026-09-20T02:00:15+00:00,ow,KIX,GMP,2026-10-10T11:00:00+09:00,,7C,370075
2026-09-20T02:00:15+00:00,ow,KIX,GMP,2027-01-09T16:00:00+09:00,,MM,371840
2026-09-20T02:00:15+00:00,ow,KIX,GMP,2026-12-28T19:55:00+09:00,,KE,387787
2026-09-20T02:00:15+00:00,ow,KIX,GMP,2026-10-11T11:10:00+09:00,,OZ,388613
2026-09-20T02:00:15+00:00,ow,KIX,GMP,2026-12-29T19:55:00+09:00,,KE,389206
2026-09-20T02:00:15+00:00,ow,KIX,GMP,2026-09-27T08:35:00+09:00,,MM,424715
2026-09-20T02:00:15+00:00,ow,KIX,GMP,2026-12-27T16:25:00+09:00,,7C,428759
2026-09-20T02:00:15+00:00,ow,KIX,GMP,2027-03-19T10:45:00+09:00,,7C,438928
2026-09-20T02:00:15+00:00,rt,GMP,KIX,2026-12-07T11:20:00+09:00,2026-12-16T14:10:00+09:00,MM,218403
2026-09-20T02:00:15+00:00,rt,GMP,KIX,2026-10-13T13:10:00+09:00,2026-10-15T16:05:00+09:00,MM,218805
2026-09-20T02:00:15+00:00,rt,GMP,KIX,2026-12-02T11:20:00+09:00,2026-12-09T08:30:00+09:00,MM,233463
2026-09-20T02:00:15+00:00,rt,GMP,KIX,2026-10-20T17:05:00+09:00,2026-10-29T16:00:00+09:00,MM,235073
2026-09-20T02:00:15+00:00,rt,GMP,KIX,2026-09-28T18:50:00+09:00,2026-09-30T10:25:00+09:00,MM,235632
2026-09-20T02:00:15+00:00,rt,GMP,KIX,2026-11-17T11:20:00+09:00,2026-11-30T08:30:00+09:00,MM,238583
2026-09-20T02:00:15+00:00,rt,GMP,KIX,2026-09-20T17:05:00+09:00,2026-09-23T08:35:00+09:00,MM,241635
2026-09-20T02:00:15+00:00,rt,GMP,KIX,2026-09-27T13:10:00+09:00,2026-10-01T08:35:00+09:00,MM,245324
2026-09-20T02:00:15+00:00,rt,GMP,KIX,2026-12-01T11:20:00+09:00,2026-12-12T14:10:00+09:00,MM,250017
2026-09-20T02:00:15+00:00,rt,GMP,KIX,2027-01-20T13:10:00+09:00,2027-01-27T14:10:00+09:00,MM,253461
2026-09-20T02:00:15+00:00,rt,GMP,KIX,2026-10-10T13:10:00+09:00,2026-10-13T10:25:00+09:00,MM,258212
2026-09-20T02:00:15+00:00,rt,GMP,KIX,2027-03-17T11:20:00+09:00,2027-03-27T14:10:00+09:00,MM,259767
2026-09-20T02:00:15+00:00,rt,GMP,KIX,2026-11-25T11:20:00+09:00,2026-11-30T08:30:00+09:00,MM,260382
2026-09-20T02:00:15+00:00,rt,GMP,KIX,2026-10-07T11:25:00+09:00,2026-10-14T11:00:00+09:00,MM,261051
2026-09-20T02:00:15+00:00,rt,GMP,KIX,2026-11-01T11:20:00+09:00,2026-11-06T10:20:00+09:00,MM,261161
2026-09-20T02:00:15+00:00,rt,GMP,KIX,2026-09-30T13:10:00+09:00,2026-10-02T14:20:00+09:00,MM,261602
2026-09-20T02:00:15+00:00,rt,GMP,KIX,2027-02-09T11:20:00+09:00,2027-02-16T08:30:00+09:00,MM,261717
2026-09-20T02:00:15+00:00,rt,GMP,KIX,2027-03-15T11:20:00+09:00,2027-03-27T14:10:00+09:00,MM,262160
2026-09-20T02:00:15+00:00,rt,GMP,KIX,2026-12-03T13:10:00+09:00,2026-12-09T14:10:00+09:00,MM,263524
2026-09-20T02:00:15+00:00,rt,GMP,KIX,2026-10-20T17:05:00+09:00,2026-10-26T14:10:00+09:00,MM,268036
2026-09-20T02:00:15+00:00,rt,GMP,KIX,2027-02-15T13:10:00+09:00,2027-02-22T08:30:00+09:00,MM,268987
2026-09-20T02:00:15+00:00,rt,GMP,KIX,2026-11-10T17:00:00+09:00,2026-11-13T14:10:00+09:00,MM,270419
2026-09-20T02:00:15+00:00,rt,GMP,KIX,2026-10-06T13:10:00+09:00,2026-10-21T16:05:00+09:00,MM,272216
2026-09-20T02:00:15+00:00,rt,GMP,KIX,2027-03-13T13:10:00+09:00,2027-03-26T14:10:00+09:00,MM,272912
2026-09-20T02:00:15+00:00,rt,GMP,KIX,2027-02-22T11:20:00+09:00,2027-02-23T08:30:00+09:00,MM,274628
2026-09-20T02:00:15+00:00,rt,GMP,KIX,2026-10-21T13:10:00+09:00,2026-10-28T16:00:00+09:00,MM,276559
2026-09-20T02:00:15+00:00,rt,GMP,KIX,2026-09-28T18:50:00+09:00,2026-10-01T08:35:00+09:00,MM,277240
2026-09-20T02:00:15+00:00,rt,GMP,KIX,2026-12-16T13:10:00+09:00,2026-12-19T14:10:00+09:00,MM,281658
2026-09-20T02:00:15+00:00,rt,GMP,KIX,2026-12-11T13:10:00+09:00,2026-12-18T16:00:00+09:00,MM,284152
2026-09-20T02:00:15+00:00,rt,GMP,KIX,2026-09-29T13:10:00+09:00,2026-10-06T16:05:00+09:00,MM,284275
2026-09-20T02:00:15+00:00,rt,GMP,KIX,2026-10-07T13:10:00+09:00,2026-10-07T20:30:00+09:00,MM,289599
2026-09-20T02:00:15+00:00,rt,GMP,KIX,2026-09-27T13:10:00+09:00,2026-09-30T08:35:00+09:00,MM,290371
2026-09-20T02:00:15+00:00,rt,GMP,KIX,2026-10-19T17:05:00+09:00,2026-10-26T14:10:00+09:00,MM,295152
2026-09-20T02:00:15+00:00,rt,GMP,KIX,2026-11-17T11:20:00+09:00,2026-11-28T16:00:00+09:00,MM,298305
2026-09-20T02:00:15+00:00,rt,GMP,KIX,2026-10-25T11:20:00+09:00,2026-10-28T08:30:00+09:00,MM,301146
2026-09-20T02:00:15+00:00,rt,GMP,KIX,2026-10-13T13:10:00+09:00,2026-10-20T16:05:00+09:00,MM,306318
2026-09-20T02:00:15+00:00,rt,GMP,KIX,2026-10-20T17:05:00+09:00,2026-10-27T16:00:00+09:00,MM,306485
2026-09-20T02:00:15+00:00,rt,GMP,KIX,2026-09-28T17:05:00+09:00,2026-10-04T14:20:00+09:00,MM,307063
2026-09-20T02:00:15+00:00,rt,GMP,KIX,2026-11-19T13:10:00+09:00,2026-11-24T16:00:00+09:00,MM,317053
2026-09-20T02:00:15+00:00,rt,GMP,KIX,2026-12-29T11:20:00+09:00,2027-01-01T08:30:00+09:00,MM,317592
2026-09-20T02:00:15+00:00,rt,GMP,KIX,2026-11-20T11:20:00+09:00,2026-11-24T16:00:00+09:00,MM,319524
2026-09-20T02:00:15+00:00,rt,GMP,KIX,2026-11-04T13:40:00+09:00,2026-11-10T14:10:00+09:00,7C,320994
2026-09-20T02:00:15+00:00,rt,GMP,KIX,2026-09-21T11:25:00+09:00,2026-09-25T16:05:00+09:00,MM,325751
2026-09-20T02:00:15+00:00,rt,GMP,KIX,2026-11-16T08:00:00+09:00,2026-11-20T10:45:00+09:00,7C,325781
2026-09-20T02:00:15+00:00,rt,GMP,KIX,2026-10-22T13:10:00+09:00,2026-11-10T14:10:00+09:00,MM,325992
2026-09-20T02:00:15+00:00,rt,GMP,KIX,2026-10-17T13:10:00+09:00,2026-10-21T16:05:00+09:00,MM,328165
2026-09-20T02:00:15+00:00,rt,GMP,KIX,2026-11-02T13:40:00+09:00,2026-11-16T10:45:00+09:00,7C,329959
2026-09-20T02:00:15+00:00,rt,GMP,KIX,2026-09-26T13:10:00+09:00,2026-09-30T10:25:00+09:00,MM,335226
2026-09-20T02:00:15+00:00,rt,GMP,KIX,2026-10-22T13:10:00+09:00,2026-10-29T16:00:00+09:00,MM,343900
2026-09-20T02:00:15+00:00,rt,GMP,KIX,2026-11-20T17:00:00+09:00,2026-11-23T08:30:00+09:00,MM,348759
2026-09-20T02:00:15+00:00,rt,GMP,KIX,2026-10-19T17:05:00+09:00,2026-10-22T16:05:00+09:00,MM,350986
2026-09-20T02:00:15+00:00,rt,GMP,KIX,2026-10-17T13:10:00+09:00,2026-10-22T16:05:00+09:00,MM,352290
2026-09-20T02:00:15+00:00,rt,GMP,KIX,2026-09-26T13:10:00+09:00,2026-10-02T14:20:00+09:00,MM,357314
2026-09-20T02:00:15+00:00,rt,GMP,KIX,2026-09-26T13:55:00+09:00,2026-10-03T16:30:00+09:00,7C,358511
2026-09-20T02:00:15+00:00,rt,GMP,KIX,2026-10-20T17:05:00+09:00,2026-10-24T16:05:00+09:00,MM,358770
2026-09-20T02:00:15+00:00,rt,GMP,KIX,2026-09-26T13:10:00+09:00,2026-09-29T14:20:00+09:00,MM,359437
2026-09-20T02:00:15+00:00,rt,GMP,KIX,2026-10-29T13:10:00+09:00,2026-11-01T14:10:00+09:00,MM,360836
2026-09-20T02:00:15+00:00,rt,GMP,KIX,2026-10-01T17:05:00+09:00,2026-10-07T16:05:00+09:00,MM,364591
2026-09-20T02:00:15+00:00,rt,GMP,KIX,2026-10-30T13:40:00+09:00,2026-11-02T10:45:00+09:00,7C,365681
2026-09-20T02:00:15+00:00,rt,GMP,KIX,2026-10-28T13:10:00+09:00,2026-10-31T16:00:00+09:00,MM,367593
2026-09-20T02:00:15+00:00,rt,GMP,KIX,2026-10-11T13:10:00+09:00,2026-10-17T14:20:00+09:00,MM,369531
2026-09-20T02:00:15+00:00,rt,GMP,KIX,2026-11-16T08:00:00+09:00,2026-11-29T10:45:00+09:00,7C,369682
2026-09-20T02:00:15+00:00,rt,GMP,KIX,2026-10-05T13:55:00+09:00,2026-10-07T08:35:00+09:00,7C,369968
2026-09-20T02:00:15+00:00,rt,GMP,KIX,2026-11-23T07:55:00+09:00,2026-11-30T08:30:00+09:00,OZ,372062
2026-09-20T02:00:15+00:00,rt,GMP,KIX,2026-11-04T13:40:00+09:00,2026-11-08T10:45:00+09:00,7C,378367
2026-09-20T02:00:15+00:00,rt,GMP,KIX,2026-10-01T11:25:00+09:00,2026-10-01T16:05:00+09:00,MM,382177
2026-09-20T02:00:15+00:00,rt,GMP,KIX,2026-11-13T13:40:00+09:00,2026-11-16T10:45:00+09:00,7C,382349
2026-09-20T02:00:15+00:00,rt,GMP,KIX,2026-10-18T13:10:00+09:00,2026-10-23T16:05:00+09:00,MM,383134
2026-09-20T02:00:15+00:00,rt,GMP,KIX,2027-02-25T11:20:00+09:00,2027-02-28T08:30:00+09:00,MM,384836
2026-09-20T02:00:15+00:00,rt,GMP,KIX,2026-10-22T13:10:00+09:00,2026-10-25T14:10:00+09:00,MM,387252
2026-09-20T02:00:15+00:00,rt,GMP,KIX,2026-10-22T13:10:00+09:00,2026-10-24T16:05:00+09:00,MM,387707
2026-09-20T02:00:15+00:00,rt,GMP,KIX,2026-11-13T17:20:00+09:00,2026-11-20T11:05:00+09:00,OZ,388094
2026-09-20T02:00:15+00:00,rt,GMP,KIX,2026-10-15T13:10:00+09:00,2026-10-17T14:20:00+09:00,MM,391207
2026-09-20T02:00:15+00:00,rt,GMP,KIX,2026-11-15T08:00:00+09:00,2026-11-29T10:45:00+09:00,7C,391395
2026-09-20T02:00:15+00:00,rt,GMP,KIX,2026-10-15T13:10:00+09:00,2026-10-19T16:05:00+09:00,MM,393934
2026-09-20T02:00:15+00:00,rt,GMP,KIX,2026-12-29T11:20:00+09:00,2026-12-31T10:45:00+09:00,MM,395552
2026-09-20T02:00:15+00:00,rt,GMP,KIX,2026-10-18T13:10:00+09:00,2026-10-22T16:05:00+09:00,MM,398211
2026-09-20T02:00:15+00:00,rt,GMP,KIX,2026-10-03T16:30:00+09:00,2026-10-07T08:35:00+09:00,KE,398435
2026-09-20T02:00:15+00:00,rt,GMP,KIX,2026-11-05T13:10:00+09:00,2026-11-08T10:20:00+09:00,MM,400575
2026-09-20T02:00:15+00:00,rt,GMP,KIX,2026-10-04T11:25:00+09:00,2026-10-08T20:30:00+09:00,MM,402778
2026-09-20T02:00:15+00:00,rt,GMP,KIX,2026-10-04T11:25:00+09:00,2026-10-14T14:20:00+09:00,MM,402859
2026-09-20T02:00:15+00:00,rt,GMP,KIX,2026-10-04T11:25:00+09:00,2026-10-07T08:35:00+09:00,MM,403597
2026-09-20T02:00:15+00:00,rt,GMP,KIX,2027-01-11T11:20:00+09:00,2027-01-15T16:00:00+09:00,MM,404208
2026-09-20T02:00:15+00:00,rt,GMP,KIX,2026-10-01T11:25:00+09:00,2026-10-06T16:05:00+09:00,MM,420465
2026-09-20T02:00:15+00:00,rt,GMP,KIX,2026-12-28T11:20:00+09:00,2026-12-30T16:00:00+09:00,MM,421305
2026-09-20T02:00:15+00:00,rt,GMP,KIX,2026-10-19T17:05:00+09:00,2026-10-25T08:30:00+09:00,MM,428135
2026-09-20T02:00:15+00:00,rt,GMP,KIX,2026-09-28T17:05:00+09:00,2026-10-05T08:35:00+09:00,MM,429178
2026-09-20T02:00:15+00:00,rt,GMP,KIX,2026-09-28T18:50:00+09:00,2026-10-12T10:25:00+09:00,MM,429695
2026-09-20T02:00:15+00:00,rt,GMP,KIX,2026-09-25T18:50:00+09:00,2026-10-04T14:20:00+09:00,MM,430623
2026-09-20T02:00:15+00:00,rt,GMP,KIX,2026-11-11T13:10:00+09:00,2026-11-22T14:10:00+09:00,MM,433834
2026-09-20T02:00:15+00:00,rt,GMP,KIX,2026-10-19T17:40:00+09:00,2026-10-23T11:10:00+09:00,OZ,435784
2026-09-20T02:00:15+00:00,rt,GMP,KIX,2026-10-23T17:05:00+09:00,2026-10-25T08:30:00+09:00,MM,438268
2026-09-20T02:00:15+00:00,rt,GMP,KIX,2026-10-23T11:25:00+09:00,2026-10-24T16:05:00+09:00,MM,440820
2026-09-20T02:00:15+00:00,rt,GMP,KIX,2026-10-19T13:55:00+09:00,2026-10-24T16:05:00+09:00,7C,456530
2026-09-20T02:00:15+00:00,rt,GMP,KIX,2026-10-05T13:55:00+09:00,2026-10-06T14:20:00+09:00,7C,457711
2026-09-20T02:00:15+00:00,rt,GMP,KIX,2026-10-02T13:55:00+09:00,2026-10-04T11:00:00+09:00,7C,460178
2026-09-20T02:00:15+00:00,rt,GMP,KIX,2027-01-03T11:20:00+09:00,2027-01-07T16:00:00+09:00,MM,462165
2026-09-20T02:00:15+00:00,rt,GMP,KIX,2026-10-18T13:10:00+09:00,2026-10-24T16:05:00+09:00,MM,464661
2026-09-20T02:00:15+00:00,rt,GMP,KIX,2026-10-19T11:25:00+09:00,2026-10-19T16:05:00+09:00,MM,474112
2026-09-20T02:00:15+00:00,rt,GMP,KIX,2026-12-24T13:40:00+09:00,2027-01-02T16:00:00+09:00,7C,477823
2026-09-20T02:00:15+00:00,rt,GMP,KIX,2026-10-04T13:10:00+09:00,2026-10-06T14:20:00+09:00,MM,479279
2026-09-20T02:00:15+00:00,rt,GMP,KIX,2026-10-09T18:50:00+09:00,2026-10-12T14:20:00+09:00,MM,482347
2026-09-20T02:00:15+00:00,rt,GMP,KIX,2027-02-27T11:20:00+09:00,2027-03-10T14:10:00+09:00,MM,483569
2026-09-20T02:00:15+00:00,rt,GMP,KIX,2026-10-03T16:30:00+09:00,2026-10-06T14:20:00+09:00,KE,484621
2026-09-20T02:00:15+00:00,rt,GMP,KIX,2027-01-02T11:20:00+09:00,2027-01-10T14:10:00+09:00,MM,495360
2026-09-20T02:00:15+00:00,rt,GMP,KIX,2026-10-08T11:25:00+09:00,2026-10-11T08:35:00+09:00,MM,503306
2026-09-20T02:00:15+00:00,rt,GMP,KIX,2026-10-01T17:05:00+09:00,2026-10-05T08:35:00+09:00,MM,510073
2026-09-20T02:00:15+00:00,rt,GMP,KIX,2026-09-22T13:10:00+09:00,2026-09-26T11:00:00+09:00,MM,547127
2026-09-20T02:00:15+00:00,rt,GMP,KIX,2026-10-03T16:30:00+09:00,2026-10-05T08:35:00+09:00,KE,559270
2026-09-20T02:00:15+00:00,rt,GMP,KIX,2026-10-04T11:25:00+09:00,2026-10-05T08:35:00+09:00,MM,566612
2026-09-20T02:00:15+00:00,rt,GMP,KIX,2026-09-24T18:50:00+09:00,2026-09-28T16:05:00+09:00,MM,567497
2026-09-20T02:00:15+00:00,rt,GMP,KIX,2026-10-08T11:25:00+09:00,2026-10-10T11:00:00+09:00,MM,573168
2026-09-20T02:00:15+00:00,rt,GMP,KIX,2026-10-03T16:30:00+09:00,2026-10-10T11:00:00+09:00,KE,574856
2026-09-20T02:00:15+00:00,rt,GMP,KIX,2026-10-02T13:10:00+09:00,2026-10-11T10:25:00+09:00,MM,579161
2026-09-20T02:00:15+00:00,rt,GMP,KIX,2026-09-25T18:50:00+09:00,2026-09-27T08:35:00+09:00,MM,608413
2026-09-20T02:00:15+00:00,rt,GMP,KIX,2027-01-01T13:10:00+09:00,2027-01-09T16:00:00+09:00,MM,628216
2026-09-20T02:00:15+00:00,rt,GMP,KIX,2027-01-02T09:25:00+09:00,2027-01-09T19:55:00+09:00,KE,632336
2026-09-20T02:00:15+00:00,rt,GMP,KIX,2026-10-05T11:25:00+09:00,2026-10-05T16:05:00+09:00,MM,647669
2026-09-20T02:00:15+00:00,rt,GMP,KIX,2026-09-22T08:10:00+09:00,2026-09-25T11:00:00+09:00,OZ,739763
2026-09-20T02:00:15+00:00,rt,GMP,KIX,2026-09-22T08:10:00+09:00,2026-09-29T10:25:00+09:00,OZ,745788
2026-09-20T02:00:15+00:00,rt,GMP,KIX,2026-09-22T08:10:00+09:00,2026-10-13T16:05:00+09:00,OZ,822768
2026-09-20T02:00:15+00:00,rt,GMP,KIX,2026-09-23T09:15:00+09:00,2026-09-28T14:20:00+09:00,KE,901840
2026-09-20T02:00:15+00:00,rt,GMP,KIX,2026-09-22T13:55:00+09:00,2026-10-04T11:00:00+09:00,7C,922257
2026-09-20T02:00:15+00:00,rt,GMP,KIX,2026-09-22T08:10:00+09:00,2026-09-27T08:35:00+09:00,OZ,982371
2026-09-20T02:00:15+00:00,rt,GMP,KIX,2026-09-24T17:40:00+09:00,2026-09-27T08:35:00+09:00,OZ,1095219
2026-09-20T02:00:15+00:00,ow,GMP,NGO,2026-10-07T11:20:00+09:00,,MM,102222
2026-09-20T02:00:15+00:00,ow,GMP,NGO,2026-10-06T11:20:00+09:00,,MM,115361
2026-09-20T02:00:15+00:00,ow,GMP,NGO,2026-09-30T11:20:00+09:00,,MM,124467
2026-09-20T02:00:15+00:00,ow,GMP,NGO,2026-09-28T11:20:00+09:00,,MM,127217
2026-09-20T02:00:15+00:00,ow,GMP,NGO,2027-02-01T11:10:00+09:00,,MM,132304
2026-09-20T02:00:15+00:00,ow,GMP,NGO,2027-03-01T11:10:00+09:00,,MM,132304
2026-09-20T02:00:15+00:00,ow,GMP,NGO,2026-10-08T11:20:00+09:00,,MM,139799
2026-09-20T02:00:15+00:00,ow,GMP,NGO,2026-10-11T11:20:00+09:00,,MM,142791
2026-09-20T02:00:15+00:00,ow,GMP,NGO,2026-09-26T11:20:00+09:00,,MM,168274
2026-09-20T02:00:15+00:00,ow,GMP,NGO,2026-10-01T11:20:00+09:00,,MM,168572
2026-09-20T02:00:15+00:00,ow,GMP,NGO,2026-12-26T11:10:00+09:00,,MM,169551
2026-09-20T02:00:15+00:00,ow,GMP,NGO,2026-09-20T11:20:00+09:00,,MM,176736
2026-09-20T02:00:15+00:00,ow,GMP,NGO,2026-12-31T11:10:00+09:00,,MM,192527
2026-09-20T02:00:15+00:00,ow,GMP,NGO,2026-09-27T11:20:00+09:00,,MM,196609
2026-09-20T02:00:15+00:00,ow,GMP,NGO,2026-10-05T11:20:00+09:00,,MM,207973
2026-09-20T02:00:15+00:00,ow,GMP,NGO,2027-02-05T11:10:00+09:00,,MM,213938
2026-09-20T02:00:15+00:00,ow,GMP,NGO,2027-01-01T11:10:00+09:00,,MM,216599
2026-09-20T02:00:15+00:00,ow,GMP,NGO,2026-09-25T17:50:00+09:00,,MM,226635
2026-09-20T02:00:15+00:00,ow,GMP,NGO,2026-11-01T11:10:00+09:00,,MM,226863
2026-09-20T02:00:15+00:00,ow,GMP,NGO,2026-10-02T11:20:00+09:00,,MM,229107
2026-09-20T02:00:15+00:00,ow,GMP,NGO,2026-11-22T11:10:00+09:00,,MM,274293
2026-09-20T02:00:15+00:00,ow,GMP,NGO,2026-10-04T11:20:00+09:00,,MM,274999
2026-09-20T02:00:15+00:00,ow,GMP,NGO,2026-11-03T11:10:00+09:00,,MM,283367
2026-09-20T02:00:15+00:00,ow,GMP,NGO,2027-02-21T11:10:00+09:00,,MM,287915
2026-09-20T02:00:15+00:00,ow,GMP,NGO,2026-10-03T17:50:00+09:00,,MM,288127
2026-09-20T02:00:15+00:00,ow,GMP,NGO,2026-11-23T11:10:00+09:00,,MM,337558
2026-09-20T02:00:15+00:00,ow,GMP,NGO,2026-09-21T11:20:00+09:00,,MM,339396
2026-09-20T02:00:15+00:00,ow,GMP,NGO,2026-09-24T11:20:00+09:00,,MM,448694
2026-09-20T02:00:15+00:00,ow,NGO,GMP,2026-09-24T15:00:00+09:00,,MM,118759
2026-09-20T02:00:15+00:00,ow,NGO,GMP,2026-09-23T15:00:00+09:00,,MM,136352
2026-09-20T02:00:15+00:00,ow,NGO,GMP,2026-09-26T15:00:00+09:00,,MM,181703
2026-09-20T02:00:15+00:00,ow,NGO,GMP,2026-09-21T08:30:00+09:00,,MM,208537
2026-09-20T02:00:15+00:00,ow,NGO,GMP,2026-10-08T08:30:00+09:00,,MM,210684
2026-09-20T02:00:15+00:00,ow,NGO,GMP,2026-10-02T15:00:00+09:00,,MM,218859
2026-09-20T02:00:15+00:00,ow,NGO,GMP,2026-10-07T15:00:00+09:00,,MM,223166
2026-09-20T02:00:15+00:00,ow,NGO,GMP,2026-12-20T08:05:00+09:00,,MM,231702
2026-09-20T02:00:15+00:00,ow,NGO,GMP,2026-10-09T08:30:00+09:00,,MM,267203
2026-09-20T02:00:15+00:00,ow,NGO,GMP,2026-10-06T08:30:00+09:00,,MM,290404
2026-09-20T02:00:15+00:00,ow,NGO,GMP,2026-10-10T15:00:00+09:00,,MM,290823
2026-09-20T02:00:15+00:00,ow,NGO,GMP,2026-10-05T08:30:00+09:00,,MM,367037
2026-09-20T02:00:15+00:00,ow,NGO,GMP,2026-10-04T08:30:00+09:00,,MM,394668
2026-09-20T02:00:15+00:00,ow,NGO,GMP,2026-09-28T08:30:00+09:00,,MM,395817
2026-09-20T02:00:15+00:00,ow,NGO,GMP,2026-09-27T08:30:00+09:00,,MM,426742
2026-09-20T02:00:15+00:00,rt,GMP,NGO,2026-09-20T11:20:00+09:00,2026-09-24T15:00:00+09:00,MM,261220
2026-09-20T02:00:15+00:00,rt,GMP,NGO,2026-10-10T11:20:00+09:00,2026-10-14T15:00:00+09:00,MM,359672
2026-09-20T02:00:15+00:00,rt,GMP,NGO,2026-10-31T17:15:00+09:00,2026-11-02T14:10:00+09:00,MM,363343
2026-09-20T02:00:15+00:00,rt,GMP,NGO,2026-09-26T11:20:00+09:00,2026-09-26T15:00:00+09:00,MM,395930
2026-09-20T02:00:15+00:00,rt,GMP,NGO,2026-09-27T11:20:00+09:00,2026-10-07T15:00:00+09:00,MM,404943
2026-09-20T02:00:15+00:00,rt,GMP,NGO,2026-09-26T11:20:00+09:00,2026-10-07T15:00:00+09:00,MM,412198
2026-09-20T02:00:15+00:00,rt,GMP,NGO,2026-09-25T11:20:00+09:00,2026-10-07T15:00:00+09:00,MM,434353
2026-09-20T02:00:15+00:00,rt,GMP,NGO,2026-09-28T11:20:00+09:00,2026-10-04T08:30:00+09:00,MM,488313
2026-09-20T02:00:15+00:00,rt,GMP,NGO,2026-09-26T11:20:00+09:00,2026-10-06T15:00:00+09:00,MM,489837
2026-09-20T02:00:15+00:00,rt,GMP,NGO,2026-09-27T11:20:00+09:00,2026-10-03T15:00:00+09:00,MM,490249
2026-09-20T02:00:15+00:00,rt,GMP,NGO,2026-09-30T11:20:00+09:00,2026-10-04T08:30:00+09:00,MM,490468
2026-09-20T02:00:15+00:00,rt,GMP,NGO,2026-09-27T11:20:00+09:00,2026-10-06T15:00:00+09:00,MM,491442
2026-09-20T02:00:15+00:00,rt,GMP,NGO,2026-10-22T11:20:00+09:00,2026-10-25T08:05:00+09:00,MM,499447
2026-09-20T02:00:15+00:00,rt,GMP,NGO,2026-10-08T11:20:00+09:00,2026-10-11T08:30:00+09:00,MM,504898
2026-09-20T02:00:15+00:00,rt,GMP,NGO,2026-09-25T11:20:00+09:00,2026-10-06T15:00:00+09:00,MM,512809
2026-09-20T02:00:15+00:00,rt,GMP,NGO,2026-09-25T11:20:00+09:00,2026-10-08T15:00:00+09:00,MM,514701
2026-09-20T02:00:15+00:00,rt,GMP,NGO,2026-10-03T11:20:00+09:00,2026-10-04T08:30:00+09:00,MM,549326
2026-09-20T02:00:15+00:00,rt,GMP,NGO,2026-09-26T11:20:00+09:00,2026-10-04T08:30:00+09:00,MM,555433
2026-09-20T02:00:15+00:00,rt,GMP,NGO,2026-10-02T11:20:00+09:00,2026-10-05T08:30:00+09:00,MM,567244
2026-09-20T02:00:15+00:00,rt,GMP,NGO,2026-09-26T11:20:00+09:00,2026-10-05T08:30:00+09:00,MM,568069
2026-09-20T02:00:15+00:00,rt,GMP,NGO,2026-09-27T11:20:00+09:00,2026-10-05T08:30:00+09:00,MM,570048
2026-09-20T02:00:15+00:00,rt,GMP,NGO,2026-09-27T11:20:00+09:00,2026-10-04T08:30:00+09:00,MM,589775
2026-09-20T02:00:15+00:00,rt,GMP,NGO,2026-09-25T11:20:00+09:00,2026-10-05T08:30:00+09:00,MM,596115
2026-09-20T02:00:15+00:00,rt,GMP,NGO,2026-09-24T17:50:00+09:00,2026-10-06T15:00:00+09:00,MM,677405
2026-09-20T02:26:41+00:00,ow,ICN,NRT,2026-11-20T17:15:00+09:00,,ZG,144661
2026-09-20T02:26:41+00:00,rt,ICN,NRT,2026-09-27T20:10:00+09:00,2026-09-29T21:45:00+09:00,TW,367827
2026-09-20T02:26:41+00:00,rt,ICN,NRT,2026-09-22T09:25:00+09:00,2026-09-28T12:50:00+09:00,YP,539931
2026-09-20T02:26:41+00:00,ow,ICN,KIX,2026-11-09T13:10:00+09:00,,RS,106262
2026-09-20T02:26:41+00:00,ow,KIX,ICN,2026-09-21T00:15:00+09:00,,OZ,115886
2026-09-20T02:26:41+00:00,ow,KIX,ICN,2026-11-23T11:50:00+09:00,,ZE,183273
2026-09-20T02:26:41+00:00,rt,ICN,UKB,2026-10-29T12:45:00+09:00,2026-11-01T23:25:00+09:00,LJ,305193
2026-09-20T02:26:41+00:00,ow,GMP,HND,2026-11-20T12:05:00+09:00,,JL,373017
2026-09-20T02:26:41+00:00,rt,GMP,HND,2026-09-27T12:40:00+09:00,2026-09-29T20:05:00+09:00,NH,612705
2026-09-20T02:26:41+00:00,rt,GMP,HND,2026-09-22T07:40:00+09:00,2026-09-28T20:05:00+09:00,NH,1078352
2026-09-20T02:26:41+00:00,ow,GMP,KIX,2026-11-09T08:00:00+09:00,,7C,135233
2026-09-20T02:26:41+00:00,ow,KIX,GMP,2026-11-23T08:30:00+09:00,,MM,196215
2026-09-20T02:26:41+00:00,ow,KIX,GMP,2026-09-21T08:35:00+09:00,,MM,229555
2026-09-20T04:26:46+00:00,ow,ICN,HND,2027-01-27T22:50:00+09:00,,MM,77569
2026-09-20T04:26:46+00:00,ow,ICN,NRT,2026-12-01T12:40:00+09:00,,MM,77980
2026-09-20T04:26:46+00:00,ow,ICN,NRT,2026-10-27T10:20:00+09:00,,TW,102254
2026-09-20T04:26:46+00:00,ow,ICN,NRT,2026-11-09T07:15:00+09:00,,7C,117036
2026-09-20T04:26:46+00:00,ow,ICN,NRT,2026-10-03T16:15:00+09:00,,BX,211834
2026-09-20T04:26:46+00:00,ow,ICN,NRT,2026-09-21T09:50:00+09:00,,WE,238818
2026-09-20T04:26:46+00:00,ow,ICN,NRT,2026-09-22T09:25:00+09:00,,YP,371111
2026-09-20T04:26:46+00:00,ow,NRT,ICN,2026-12-15T12:50:00+09:00,,RS,149916
2026-09-20T04:26:46+00:00,ow,NRT,ICN,2026-11-26T12:50:00+09:00,,RS,167999
2026-09-20T04:26:46+00:00,ow,NRT,ICN,2026-12-01T12:50:00+09:00,,RS,168409
2026-09-20T04:26:46+00:00,ow,NRT,ICN,2026-11-12T10:55:00+09:00,,ZG,170429
2026-09-20T04:26:46+00:00,ow,NRT,ICN,2026-10-26T11:50:00+09:00,,7C,205593
2026-09-20T04:26:46+00:00,rt,ICN,NRT,2026-11-10T08:10:00+09:00,2026-11-15T10:55:00+09:00,RS,310968
2026-09-20T04:26:46+00:00,rt,ICN,NRT,2026-09-21T09:50:00+09:00,2026-09-28T10:50:00+09:00,WE,372360
2026-09-20T04:26:46+00:00,rt,ICN,NRT,2027-03-19T15:20:00+09:00,2027-03-30T10:50:00+09:00,ZE,383396
2026-09-20T04:26:46+00:00,rt,ICN,NRT,2026-10-02T14:10:00+09:00,2026-10-04T10:50:00+09:00,ZE,450307
2026-09-20T04:26:46+00:00,rt,ICN,NRT,2026-09-22T15:10:00+09:00,2026-09-28T17:30:00+09:00,ZE,548554
2026-09-20T04:26:46+00:00,ow,ICN,KIX,2026-11-02T07:30:00+09:00,,MM,76863
2026-09-20T04:26:46+00:00,ow,ICN,KIX,2026-10-20T15:55:00+09:00,,TW,77569
2026-09-20T04:26:46+00:00,ow,ICN,KIX,2026-10-21T14:40:00+09:00,,MM,82924
2026-09-20T04:26:46+00:00,ow,ICN,KIX,2026-11-10T20:40:00+09:00,,LJ,90889
2026-09-20T04:26:46+00:00,ow,ICN,KIX,2026-11-04T15:20:00+09:00,,RS,97771
2026-09-20T04:26:46+00:00,ow,ICN,KIX,2027-02-26T13:10:00+09:00,,RS,100628
2026-09-20T04:26:46+00:00,ow,ICN,KIX,2026-11-21T15:20:00+09:00,,RS,118514
2026-09-20T04:26:46+00:00,ow,ICN,KIX,2026-09-22T21:05:00+09:00,,TW,122472
2026-09-20T04:26:46+00:00,ow,ICN,KIX,2026-09-21T11:10:00+09:00,,WE,237865
2026-09-20T04:26:46+00:00,ow,KIX,ICN,2026-11-05T10:00:00+09:00,,RS,150622
2026-09-20T04:26:46+00:00,ow,KIX,ICN,2026-12-01T10:00:00+09:00,,RS,152840
2026-09-20T04:26:46+00:00,ow,UKB,ICN,2026-09-21T16:30:00+09:00,,LJ,220637
2026-09-20T04:26:46+00:00,rt,ICN,KIX,2026-10-23T15:10:00+09:00,2026-10-25T15:00:00+09:00,RS,390869
2026-09-20T04:26:46+00:00,ow,ICN,FUK,2027-03-10T14:25:00+09:00,,RS,96408
2026-09-20T04:26:46+00:00,ow,ICN,FUK,2026-10-27T16:20:00+09:00,,7C,110926
2026-09-20T04:26:46+00:00,ow,ICN,FUK,2026-09-21T17:00:00+09:00,,LJ,186590
2026-09-20T04:26:46+00:00,rt,ICN,FUK,2026-10-27T16:20:00+09:00,2026-11-11T10:30:00+09:00,7C,261089
2026-09-20T04:26:46+00:00,rt,ICN,FUK,2026-11-14T17:25:00+09:00,2026-11-18T09:30:00+09:00,LJ,292885
2026-09-20T04:26:46+00:00,rt,ICN,FUK,2027-02-03T18:15:00+09:00,2027-02-04T11:30:00+09:00,ZE,343487
2026-09-20T04:26:46+00:00,rt,ICN,FUK,2027-02-08T15:20:00+09:00,2027-02-08T18:55:00+09:00,7C,517086
2026-09-20T04:26:46+00:00,ow,ICN,OKA,2026-10-20T11:00:00+09:00,,TW,128664
2026-09-20T04:26:46+00:00,ow,ICN,OKA,2026-10-19T13:15:00+09:00,,7C,183864
2026-09-20T04:26:46+00:00,ow,OKA,ICN,2026-09-21T14:35:00+09:00,,TW,236469
2026-09-20T04:26:46+00:00,ow,OKA,ICN,2026-10-11T13:15:00+09:00,,LJ,473645
2026-09-20T04:26:46+00:00,ow,ICN,NGO,2026-09-20T15:05:00+09:00,,7C,163614
2026-09-20T04:26:46+00:00,rt,ICN,CTS,2027-01-11T14:10:00+09:00,2027-01-17T12:15:00+09:00,LJ,705467
2026-09-20T04:26:46+00:00,ow,ICN,HIJ,2026-09-30T12:00:00+09:00,,7C,339496
2026-09-20T04:26:46+00:00,ow,ICN,SHI,2026-10-04T08:25:00+09:00,,LJ,502748
2026-09-20T04:26:46+00:00,ow,SHI,ICN,2026-10-25T12:00:00+09:00,,LJ,438186
2026-09-20T04:26:46+00:00,ow,GMP,HND,2026-10-27T19:35:00+09:00,,OZ,321331
2026-09-20T04:26:46+00:00,ow,GMP,HND,2026-12-01T19:35:00+09:00,,OZ,336424
2026-09-20T04:26:46+00:00,ow,GMP,HND,2026-09-21T08:00:00+09:00,,JL,373017
2026-09-20T04:26:46+00:00,ow,GMP,HND,2026-11-09T12:05:00+09:00,,JL,373017
2026-09-20T04:26:46+00:00,ow,GMP,HND,2026-11-11T08:15:00+09:00,,JL,374380
2026-09-20T04:26:46+00:00,ow,GMP,HND,2027-01-27T12:05:00+09:00,,JL,374380
2026-09-20T04:26:46+00:00,ow,GMP,HND,2026-10-03T19:15:00+09:00,,JL,437562
2026-09-20T04:26:46+00:00,ow,GMP,HND,2026-09-22T12:05:00+09:00,,JL,1331245
2026-09-20T04:26:46+00:00,ow,HND,GMP,2026-10-26T19:50:00+09:00,,KE,492779
2026-09-20T04:26:46+00:00,ow,HND,GMP,2026-11-12T09:45:00+09:00,,KE,492779
2026-09-20T04:26:46+00:00,ow,HND,GMP,2026-11-26T12:25:00+09:00,,KE,492779
2026-09-20T04:26:46+00:00,ow,HND,GMP,2026-12-15T19:50:00+09:00,,KE,492779
2026-09-20T04:26:46+00:00,ow,HND,GMP,2026-12-01T09:45:00+09:00,,KE,510960
2026-09-20T04:26:46+00:00,rt,GMP,HND,2027-03-19T07:45:00+09:00,2027-03-30T20:05:00+09:00,NH,578494
2026-09-20T04:26:46+00:00,rt,GMP,HND,2026-11-10T07:45:00+09:00,2026-11-15T08:45:00+09:00,NH,603442
2026-09-20T04:26:46+00:00,rt,GMP,HND,2026-09-21T08:00:00+09:00,2026-09-28T18:55:00+09:00,JL,751240
2026-09-20T04:26:46+00:00,rt,GMP,HND,2026-10-02T19:50:00+09:00,2026-10-04T12:05:00+09:00,OZ,911651
2026-09-20T04:26:46+00:00,rt,GMP,HND,2026-09-22T07:40:00+09:00,2026-09-28T20:05:00+09:00,NH,1083295
2026-09-20T04:26:46+00:00,ow,GMP,KIX,2026-10-20T17:05:00+09:00,,MM,82924
2026-09-20T04:26:46+00:00,ow,GMP,KIX,2026-10-21T13:10:00+09:00,,MM,83909
2026-09-20T04:26:46+00:00,ow,GMP,KIX,2026-11-10T17:00:00+09:00,,MM,93944
2026-09-20T04:26:46+00:00,ow,GMP,KIX,2026-11-04T11:20:00+09:00,,MM,109974
2026-09-20T04:26:46+00:00,ow,GMP,KIX,2026-11-02T13:40:00+09:00,,7C,135233
2026-09-20T04:26:46+00:00,ow,GMP,KIX,2026-11-21T13:10:00+09:00,,MM,155303
2026-09-20T04:26:46+00:00,ow,GMP,KIX,2027-02-26T17:00:00+09:00,,MM,194753
2026-09-20T04:26:46+00:00,ow,GMP,KIX,2026-09-21T11:25:00+09:00,,MM,262271
2026-09-20T04:26:46+00:00,ow,GMP,KIX,2026-09-22T13:10:00+09:00,,MM,416572
2026-09-20T04:26:46+00:00,ow,KIX,GMP,2026-12-01T10:45:00+09:00,,7C,168853
2026-09-20T04:26:46+00:00,ow,KIX,GMP,2026-11-05T10:45:00+09:00,,7C,171333
2026-09-20T04:26:46+00:00,ow,KIX,GMP,2026-09-21T10:25:00+09:00,,MM,235106
2026-09-20T04:26:46+00:00,rt,GMP,KIX,2026-10-23T17:05:00+09:00,2026-10-25T08:30:00+09:00,MM,449256
2026-09-20T04:26:46+00:00,ow,GMP,NGO,2026-09-20T17:50:00+09:00,,MM,198235
2026-09-20T06:30:50+00:00,ow,ICN,NRT,2026-10-07T11:20:00+09:00,,WE,104012
2026-09-20T06:30:50+00:00,ow,ICN,NRT,2026-10-27T11:20:00+09:00,,WE,104389
2026-09-20T06:30:50+00:00,ow,ICN,NRT,2026-10-18T07:25:00+09:00,,LJ,147748
2026-09-20T06:30:50+00:00,ow,ICN,NRT,2026-09-30T20:10:00+09:00,,TW,174486
2026-09-20T06:30:50+00:00,ow,ICN,HND,2026-09-20T20:30:00+09:00,,KE,389884
2026-09-20T06:30:50+00:00,ow,NRT,ICN,2026-11-04T11:10:00+09:00,,BX,155336
2026-09-20T06:30:50+00:00,ow,NRT,ICN,2026-10-27T19:05:00+09:00,,BX,168853
2026-09-20T06:30:50+00:00,ow,NRT,ICN,2026-10-07T12:50:00+09:00,,RS,206857
2026-09-20T06:30:50+00:00,ow,NRT,ICN,2026-10-06T14:20:00+09:00,,TW,281093
2026-09-20T06:30:50+00:00,ow,NRT,ICN,2026-10-10T14:20:00+09:00,,ZE,323860
2026-09-20T06:30:50+00:00,rt,ICN,NRT,2026-12-01T12:40:00+09:00,2026-12-07T08:30:00+09:00,MM,242563
2026-09-20T06:30:50+00:00,rt,ICN,NRT,2026-10-27T11:20:00+09:00,2026-11-03T19:05:00+09:00,WE,255570
2026-09-20T06:30:50+00:00,rt,ICN,NRT,2026-11-04T08:10:00+09:00,2026-11-09T19:05:00+09:00,RS,265293
2026-09-20T06:30:50+00:00,rt,ICN,NRT,2026-10-10T14:10:00+09:00,2026-10-14T14:05:00+09:00,ZE,276248
2026-09-20T06:30:50+00:00,rt,ICN,NRT,2027-01-18T13:05:00+09:00,2027-01-26T08:55:00+09:00,ZG,336819
2026-09-20T06:30:50+00:00,rt,ICN,NRT,2026-09-22T08:10:00+09:00,2026-09-28T17:15:00+09:00,H1,345146
2026-09-20T06:30:50+00:00,rt,ICN,NRT,2026-09-22T09:25:00+09:00,2026-09-23T10:50:00+09:00,YP,487704
2026-09-20T06:30:50+00:00,rt,ICN,NRT,2026-09-24T17:15:00+09:00,2026-09-28T18:55:00+09:00,ET,778154
2026-09-20T06:30:50+00:00,ow,ICN,KIX,2026-09-28T22:30:00+09:00,,TW,82020
2026-09-20T06:30:50+00:00,ow,ICN,KIX,2026-12-02T15:20:00+09:00,,RS,96145
2026-09-20T06:30:50+00:00,ow,ICN,KIX,2027-03-18T07:30:00+09:00,,MM,98444
2026-09-20T06:30:50+00:00,ow,ICN,KIX,2026-11-01T10:35:00+09:00,,MM,100415
2026-09-20T06:30:50+00:00,ow,ICN,KIX,2026-09-30T22:30:00+09:00,,TW,104472
2026-09-20T06:30:50+00:00,ow,ICN,KIX,2026-10-11T15:15:00+09:00,,ZE,108791
2026-09-20T06:30:50+00:00,ow,ICN,KIX,2027-03-19T07:30:00+09:00,,MM,124509
2026-09-20T06:30:50+00:00,ow,ICN,KIX,2026-09-25T22:30:00+09:00,,TW,185309
2026-09-20T06:30:50+00:00,ow,KIX,ICN,2026-10-24T07:40:00+09:00,,MM,219832
2026-09-20T06:30:50+00:00,ow,UKB,ICN,2026-10-10T16:00:00+09:00,,7C,339808
2026-09-20T06:30:50+00:00,ow,KIX,ICN,2026-10-11T07:40:00+09:00,,MM,345934
2026-09-20T06:30:50+00:00,ow,ICN,FUK,2026-09-29T18:30:00+09:00,,ZE,70031
2026-09-20T06:30:50+00:00,rt,ICN,FUK,2026-12-25T17:25:00+09:00,2026-12-27T09:30:00+09:00,LJ,544300
2026-09-20T06:30:50+00:00,ow,ICN,OKA,2026-10-24T11:00:00+09:00,,TW,295119
2026-09-20T06:30:50+00:00,ow,ICN,NGO,2026-09-26T16:05:00+09:00,,LJ,224891
2026-09-20T06:30:50+00:00,ow,MYJ,ICN,2026-09-28T09:35:00+09:00,,7C,274868
2026-09-20T06:30:50+00:00,ow,GMP,HND,2026-10-07T08:40:00+09:00,,OZ,332844
2026-09-20T06:30:50+00:00,ow,GMP,HND,2026-10-27T19:35:00+09:00,,OZ,334059
2026-09-20T06:30:50+00:00,ow,GMP,HND,2026-09-20T19:15:00+09:00,,JL,377632
2026-09-20T06:30:50+00:00,ow,HND,GMP,2026-10-07T12:35:00+09:00,,KE,490972
2026-09-20T06:30:50+00:00,ow,HND,GMP,2026-11-04T12:25:00+09:00,,KE,492779
2026-09-20T06:30:50+00:00,ow,HND,GMP,2026-10-06T16:10:00+09:00,,NH,493042
2026-09-20T06:30:50+00:00,ow,HND,GMP,2026-10-27T09:45:00+09:00,,KE,510960
2026-09-20T06:30:50+00:00,ow,HND,GMP,2026-10-10T12:05:00+09:00,,OZ,1035042
2026-09-20T06:30:50+00:00,rt,GMP,HND,2026-12-01T12:20:00+09:00,2026-12-07T20:00:00+09:00,NH,493436
2026-09-20T06:30:50+00:00,rt,GMP,HND,2026-10-10T07:40:00+09:00,2026-10-14T20:05:00+09:00,NH,522144
2026-09-20T06:30:50+00:00,rt,GMP,HND,2027-01-18T12:20:00+09:00,2027-01-26T08:45:00+09:00,NH,540983
2026-09-20T06:30:50+00:00,rt,GMP,HND,2026-10-27T19:50:00+09:00,2026-11-03T20:00:00+09:00,NH,558113
2026-09-20T06:30:50+00:00,rt,GMP,HND,2026-11-04T08:40:00+09:00,2026-11-09T20:05:00+09:00,OZ,612442
2026-09-20T06:30:50+00:00,rt,GMP,HND,2026-09-22T07:40:00+09:00,2026-09-23T09:00:00+09:00,NH,1007549
2026-09-20T06:30:50+00:00,rt,GMP,HND,2026-09-24T08:40:00+09:00,2026-09-28T20:05:00+09:00,OZ,1315569
2026-09-20T06:30:50+00:00,ow,GMP,KIX,2026-12-02T11:20:00+09:00,,MM,94847
2026-09-20T06:30:50+00:00,ow,GMP,KIX,2026-11-01T11:20:00+09:00,,MM,108167
2026-09-20T06:30:50+00:00,ow,GMP,KIX,2027-03-18T13:10:00+09:00,,MM,111501
2026-09-20T06:30:50+00:00,ow,GMP,KIX,2026-10-11T18:50:00+09:00,,MM,125560
2026-09-20T06:30:50+00:00,ow,GMP,KIX,2026-09-28T18:50:00+09:00,,MM,142394
2026-09-20T06:30:50+00:00,ow,GMP,KIX,2027-03-19T11:20:00+09:00,,MM,150869
2026-09-20T06:30:50+00:00,ow,GMP,KIX,2026-09-30T13:55:00+09:00,,7C,158571
2026-09-20T06:30:50+00:00,ow,GMP,KIX,2026-09-25T18:50:00+09:00,,MM,224891
2026-09-20T06:30:50+00:00,ow,KIX,GMP,2026-12-02T14:10:00+09:00,,MM,136941
2026-09-20T06:30:50+00:00,ow,KIX,GMP,2026-10-24T16:05:00+09:00,,MM,271304
2026-09-20T06:30:50+00:00,ow,KIX,GMP,2026-10-10T16:30:00+09:00,,7C,367662
2026-09-20T06:30:50+00:00,ow,KIX,GMP,2026-10-11T08:35:00+09:00,,MM,370110
2026-09-20T06:30:50+00:00,ow,GMP,NGO,2026-09-26T17:50:00+09:00,,MM,201454
2026-09-20T06:30:50+00:00,ow,GMP,NGO,2026-09-20T17:50:00+09:00,,MM,206102
2026-09-20T08:26:52+00:00,ow,ICN,NRT,2026-11-01T07:15:00+09:00,,7C,117036
2026-09-20T08:26:52+00:00,ow,ICN,NRT,2026-11-02T07:15:00+09:00,,7C,117036
2026-09-20T08:26:52+00:00,ow,ICN,NRT,2026-10-29T07:15:00+09:00,,7C,117463
2026-09-20T08:26:52+00:00,ow,ICN,NRT,2026-10-26T08:35:00+09:00,,TW,120419
2026-09-20T08:26:52+00:00,ow,ICN,NRT,2026-10-11T07:25:00+09:00,,ZE,122883
2026-09-20T08:26:52+00:00,ow,ICN,NRT,2026-10-30T11:20:00+09:00,,WE,125346
2026-09-20T08:26:52+00:00,ow,ICN,NRT,2026-10-31T09:50:00+09:00,,WE,125346
2026-09-20T08:26:52+00:00,ow,ICN,NRT,2026-11-22T07:15:00+09:00,,7C,137253
2026-09-20T08:26:52+00:00,ow,ICN,NRT,2026-10-15T12:55:00+09:00,,ZG,140456
2026-09-20T08:26:52+00:00,ow,ICN,NRT,2026-09-28T11:20:00+09:00,,WE,204246
2026-09-20T08:26:52+00:00,ow,ICN,NRT,2026-10-03T16:15:00+09:00,,BX,213082
2026-09-20T08:26:52+00:00,ow,ICN,NRT,2026-09-22T07:10:00+09:00,,BX,427938
2026-09-20T08:26:52+00:00,ow,NRT,ICN,2026-11-09T18:15:00+09:00,,7C,154778
2026-09-20T08:26:52+00:00,ow,NRT,ICN,2026-11-04T19:05:00+09:00,,BX,155172
2026-09-20T08:26:52+00:00,ow,NRT,ICN,2026-10-21T11:10:00+09:00,,BX,168853
2026-09-20T08:26:52+00:00,ow,NRT,ICN,2026-10-22T19:50:00+09:00,,7C,179463
2026-09-20T08:26:52+00:00,rt,ICN,NRT,2026-10-30T15:15:00+09:00,2026-11-02T11:10:00+09:00,LJ,298929
2026-09-20T08:26:52+00:00,rt,ICN,NRT,2026-10-10T14:10:00+09:00,2026-10-14T11:40:00+09:00,ZE,310360
2026-09-20T08:26:52+00:00,rt,ICN,NRT,2026-10-20T08:35:00+09:00,2026-10-23T14:20:00+09:00,TW,311033
2026-09-20T08:26:52+00:00,rt,ICN,HND,2027-01-21T22:50:00+09:00,2027-01-28T08:55:00+09:00,MM,325650
2026-09-20T08:26:52+00:00,ow,ICN,KIX,2026-10-26T13:10:00+09:00,,RS,96605
2026-09-20T08:26:52+00:00,ow,ICN,KIX,2026-09-30T15:15:00+09:00,,ZE,103962
2026-09-20T08:26:52+00:00,ow,ICN,KIX,2026-09-21T08:00:00+09:00,,TW,214494
2026-09-20T08:26:52+00:00,ow,ICN,KIX,2026-10-03T15:20:00+09:00,,RS,251119
2026-09-20T08:26:52+00:00,ow,ICN,UKB,2026-09-23T08:25:00+09:00,,KE,394138
2026-09-20T08:26:52+00:00,ow,KIX,ICN,2026-09-25T00:15:00+09:00,,OZ,75057
2026-09-20T08:26:52+00:00,ow,KIX,ICN,2026-10-20T07:40:00+09:00,,MM,157258
2026-09-20T08:26:52+00:00,ow,KIX,ICN,2026-10-12T16:15:00+09:00,,RS,288089
2026-09-20T08:26:52+00:00,rt,ICN,KIX,2026-09-28T22:30:00+09:00,2026-10-12T16:15:00+09:00,TW,370110
2026-09-20T08:26:52+00:00,rt,ICN,KIX,2026-10-01T15:55:00+09:00,2026-10-15T11:35:00+09:00,TW,382969
2026-09-20T08:26:52+00:00,ow,ICN,FUK,2026-09-24T08:00:00+09:00,,KE,328492
2026-09-20T08:26:52+00:00,rt,ICN,FUK,2026-09-29T18:30:00+09:00,2026-10-02T11:30:00+09:00,ZE,180202
2026-09-20T08:26:52+00:00,rt,ICN,FUK,2026-11-28T14:25:00+09:00,2026-12-07T10:30:00+09:00,RS,291391
2026-09-20T08:26:52+00:00,ow,OKA,ICN,2026-10-23T14:35:00+09:00,,TW,217188
2026-09-20T08:26:52+00:00,rt,ICN,OKA,2026-09-27T08:00:00+09:00,2026-09-30T13:15:00+09:00,ZE,340728
2026-09-20T08:26:52+00:00,ow,ICN,CTS,2026-11-03T07:40:00+09:00,,ZE,125872
2026-09-20T08:26:52+00:00,ow,ICN,CTS,2026-11-10T14:35:00+09:00,,ZE,128894
2026-09-20T08:26:52+00:00,ow,ICN,CTS,2026-09-22T10:10:00+09:00,,TW,407178
2026-09-20T08:26:52+00:00,rt,ICN,CTS,2026-10-21T08:20:00+09:00,2026-10-25T11:20:00+09:00,LJ,444559
2026-09-20T08:26:52+00:00,ow,GMP,HND,2026-10-28T19:35:00+09:00,,OZ,332844
2026-09-20T08:26:52+00:00,ow,GMP,HND,2026-10-30T19:35:00+09:00,,OZ,332844
2026-09-20T08:26:52+00:00,ow,GMP,HND,2026-11-01T08:40:00+09:00,,OZ,332844
2026-09-20T08:26:52+00:00,ow,GMP,HND,2026-10-11T08:40:00+09:00,,OZ,334059
2026-09-20T08:26:52+00:00,ow,GMP,HND,2026-10-15T08:40:00+09:00,,OZ,334059
2026-09-20T08:26:52+00:00,ow,GMP,HND,2026-10-29T15:50:00+09:00,,OZ,334076
2026-09-20T08:26:52+00:00,ow,GMP,HND,2026-10-31T19:35:00+09:00,,OZ,336424
2026-09-20T08:26:52+00:00,ow,GMP,HND,2026-11-02T19:35:00+09:00,,OZ,336424
2026-09-20T08:26:52+00:00,ow,GMP,HND,2026-10-26T19:35:00+09:00,,OZ,353505
2026-09-20T08:26:52+00:00,ow,GMP,HND,2026-11-22T08:15:00+09:00,,JL,373017
2026-09-20T08:26:52+00:00,ow,GMP,HND,2026-09-28T08:00:00+09:00,,JL,374380
2026-09-20T08:26:52+00:00,ow,GMP,HND,2026-10-18T08:00:00+09:00,,JL,389375
2026-09-20T08:26:52+00:00,ow,GMP,HND,2026-10-03T18:40:00+09:00,,KE,460473
2026-09-20T08:26:52+00:00,ow,GMP,HND,2026-09-22T07:40:00+09:00,,NH,831305
2026-09-20T08:26:52+00:00,ow,HND,GMP,2026-09-22T20:05:00+09:00,,OZ,405815
2026-09-20T08:26:52+00:00,ow,HND,GMP,2026-10-22T19:55:00+09:00,,KE,490972
2026-09-20T08:26:52+00:00,ow,HND,GMP,2026-11-09T09:45:00+09:00,,KE,490972
2026-09-20T08:26:52+00:00,ow,HND,GMP,2026-10-21T20:05:00+09:00,,NH,491235
2026-09-20T08:26:52+00:00,ow,HND,GMP,2026-11-04T12:25:00+09:00,,KE,510960
2026-09-20T08:26:52+00:00,rt,GMP,HND,2026-10-20T07:40:00+09:00,2026-10-23T08:40:00+09:00,NH,556602
2026-09-20T08:26:52+00:00,rt,GMP,HND,2027-01-21T19:50:00+09:00,2027-01-28T08:45:00+09:00,NH,578002
2026-09-20T08:26:52+00:00,rt,GMP,HND,2026-10-10T07:40:00+09:00,2026-10-14T20:05:00+09:00,NH,579086
2026-09-20T08:26:52+00:00,rt,GMP,HND,2026-10-30T19:35:00+09:00,2026-11-02T20:05:00+09:00,OZ,584308
2026-09-20T08:26:52+00:00,ow,GMP,KIX,2026-09-28T18:50:00+09:00,,MM,141934
2026-09-20T08:26:52+00:00,ow,GMP,KIX,2026-09-30T13:10:00+09:00,,MM,163433
2026-09-20T08:26:52+00:00,ow,GMP,KIX,2026-10-03T18:50:00+09:00,,MM,252515
2026-09-20T08:26:52+00:00,ow,GMP,KIX,2026-09-21T11:25:00+09:00,,MM,262222
2026-09-20T08:26:52+00:00,ow,GMP,KIX,2026-09-23T16:30:00+09:00,,KE,787093
2026-09-20T08:26:52+00:00,ow,KIX,GMP,2026-09-25T16:05:00+09:00,,MM,145482
2026-09-20T08:26:52+00:00,ow,KIX,GMP,2026-10-20T14:20:00+09:00,,MM,219964
2026-09-20T08:26:52+00:00,ow,KIX,GMP,2026-10-12T16:05:00+09:00,,MM,296038
2026-09-20T08:26:52+00:00,rt,GMP,KIX,2026-10-01T11:25:00+09:00,2026-10-15T14:20:00+09:00,MM,400953
2026-09-20T08:26:52+00:00,rt,GMP,KIX,2026-09-28T18:50:00+09:00,2026-10-12T10:25:00+09:00,MM,443195
2026-09-20T10:25:36+00:00,ow,ICN,HND,2027-02-03T22:50:00+09:00,,MM,78249
2026-09-20T10:25:36+00:00,ow,ICN,NRT,2026-12-16T16:40:00+09:00,,RS,113146
2026-09-20T10:25:36+00:00,ow,ICN,NRT,2026-10-21T11:20:00+09:00,,WE,126267
2026-09-20T10:25:36+00:00,ow,ICN,NRT,2026-11-14T07:15:00+09:00,,7C,146411
2026-09-20T10:25:36+00:00,ow,NRT,ICN,2026-09-26T14:20:00+09:00,,ZE,114086
2026-09-20T10:25:36+00:00,ow,NRT,ICN,2026-09-23T19:50:00+09:00,,7C,139504
2026-09-20T10:25:36+00:00,ow,NRT,ICN,2026-09-22T12:50:00+09:00,,RS,143839
2026-09-20T10:25:36+00:00,ow,NRT,ICN,2026-10-01T10:50:00+09:00,,ZE,146839
2026-09-20T10:25:36+00:00,ow,NRT,ICN,2026-11-17T20:00:00+09:00,,RS,167279
2026-09-20T10:25:36+00:00,ow,NRT,ICN,2026-11-30T11:35:00+09:00,,7C,187340
2026-09-20T10:25:36+00:00,ow,NRT,ICN,2027-02-07T08:55:00+09:00,,ZG,199654
2026-09-20T10:25:36+00:00,ow,NRT,ICN,2026-11-14T20:00:00+09:00,,ZE,218330
2026-09-20T10:25:36+00:00,ow,NRT,ICN,2026-11-20T11:35:00+09:00,,7C,239661
2026-09-20T10:25:36+00:00,ow,NRT,ICN,2027-01-09T12:30:00+09:00,,YP,246848
2026-09-20T10:25:36+00:00,ow,NRT,ICN,2026-11-01T13:00:00+09:00,,LJ,258568
2026-09-20T10:25:36+00:00,rt,ICN,NRT,2026-10-26T08:35:00+09:00,2026-11-04T11:10:00+09:00,TW,276304
2026-09-20T10:25:36+00:00,rt,ICN,NRT,2026-10-30T11:20:00+09:00,2026-11-03T19:05:00+09:00,WE,283294
2026-09-20T10:25:36+00:00,rt,ICN,NRT,2026-10-28T09:50:00+09:00,2026-11-02T10:55:00+09:00,WE,293102
2026-09-20T10:25:36+00:00,rt,ICN,NRT,2026-10-30T11:20:00+09:00,2026-11-05T10:55:00+09:00,WE,296019
2026-09-20T10:25:36+00:00,rt,ICN,NRT,2026-12-03T08:10:00+09:00,2026-12-11T12:30:00+09:00,RS,321767
2026-09-20T10:25:36+00:00,rt,ICN,NRT,2026-10-23T12:55:00+09:00,2026-10-30T14:00:00+09:00,ZG,330833
2026-09-20T10:25:36+00:00,ow,ICN,KIX,2026-11-03T07:30:00+09:00,,MM,76848
2026-09-20T10:25:36+00:00,ow,ICN,KIX,2026-11-17T07:30:00+09:00,,MM,77145
2026-09-20T10:25:36+00:00,ow,ICN,KIX,2026-11-30T07:30:00+09:00,,MM,97931
2026-09-20T10:25:36+00:00,ow,ICN,KIX,2026-10-10T14:50:00+09:00,,BX,106140
2026-09-20T10:25:36+00:00,ow,ICN,KIX,2026-10-11T15:15:00+09:00,,ZE,109190
2026-09-20T10:25:36+00:00,ow,ICN,KIX,2026-10-22T10:20:00+09:00,,MM,136784
2026-09-20T10:25:36+00:00,ow,ICN,KIX,2026-10-17T15:20:00+09:00,,RS,166076
2026-09-20T10:25:36+00:00,ow,ICN,KIX,2027-01-01T15:05:00+09:00,,BX,255419
2026-09-20T10:25:36+00:00,ow,KIX,ICN,2026-11-04T07:40:00+09:00,,MM,152988
2026-09-20T10:25:36+00:00,ow,KIX,ICN,2026-10-14T18:15:00+09:00,,MM,184078
2026-09-20T10:25:36+00:00,ow,KIX,ICN,2027-01-01T12:00:00+09:00,,BX,222138
2026-09-20T10:25:36+00:00,ow,KIX,ICN,2026-12-25T15:40:00+09:00,,BX,259062
2026-09-20T10:25:36+00:00,rt,ICN,KIX,2026-10-22T15:15:00+09:00,2026-10-26T12:55:00+09:00,ZE,333520
2026-09-20T10:25:36+00:00,rt,ICN,KIX,2026-12-30T15:05:00+09:00,2027-01-02T15:30:00+09:00,LJ,413352
2026-09-20T10:25:36+00:00,rt,ICN,KIX,2027-01-01T20:40:00+09:00,2027-01-09T23:25:00+09:00,LJ,432556
2026-09-20T10:25:36+00:00,rt,ICN,FUK,2026-10-28T17:50:00+09:00,2026-11-06T10:30:00+09:00,TW,222105
2026-09-20T10:25:36+00:00,rt,ICN,FUK,2026-10-29T14:25:00+09:00,2026-11-05T10:00:00+09:00,RS,257397
2026-09-20T10:25:36+00:00,rt,ICN,FUK,2026-10-29T14:25:00+09:00,2026-11-06T10:30:00+09:00,RS,258386
2026-09-20T10:25:36+00:00,rt,ICN,FUK,2026-10-31T14:25:00+09:00,2026-11-06T10:30:00+09:00,RS,276189
2026-09-20T10:25:36+00:00,rt,ICN,FUK,2026-10-26T17:50:00+09:00,2026-11-05T10:00:00+09:00,TW,287448
2026-09-20T10:25:36+00:00,rt,ICN,FUK,2026-10-30T17:50:00+09:00,2026-11-06T10:30:00+09:00,TW,308514
2026-09-20T10:25:36+00:00,rt,ICN,FUK,2026-10-30T17:25:00+09:00,2026-11-03T09:30:00+09:00,LJ,320992
2026-09-20T10:25:36+00:00,rt,ICN,FUK,2026-10-31T17:25:00+09:00,2026-11-02T09:30:00+09:00,LJ,320992
2026-09-20T10:25:36+00:00,rt,ICN,FUK,2026-09-25T17:00:00+09:00,2026-09-28T12:10:00+09:00,LJ,376873
2026-09-20T10:25:36+00:00,rt,ICN,OKA,2026-10-27T11:50:00+09:00,2026-11-04T12:40:00+09:00,TW,300322
2026-09-20T10:25:36+00:00,rt,ICN,OKA,2026-10-27T11:50:00+09:00,2026-11-05T15:25:00+09:00,TW,303239
2026-09-20T10:25:36+00:00,rt,ICN,OKA,2026-10-28T11:50:00+09:00,2026-11-02T15:25:00+09:00,TW,350812
2026-09-20T10:25:36+00:00,rt,ICN,OKA,2026-10-29T11:50:00+09:00,2026-11-05T15:25:00+09:00,TW,394066
2026-09-20T10:25:36+00:00,ow,ICN,HIJ,2026-10-06T07:45:00+09:00,,7C,90893
2026-09-20T10:25:36+00:00,ow,GMP,HND,2026-10-21T19:50:00+09:00,,OZ,335301
2026-09-20T10:25:36+00:00,ow,GMP,HND,2026-11-14T12:05:00+09:00,,JL,374384
2026-09-20T10:25:36+00:00,ow,GMP,HND,2026-12-16T08:15:00+09:00,,JL,375752
2026-09-20T10:25:36+00:00,ow,GMP,HND,2027-02-03T08:15:00+09:00,,JL,391709
2026-09-20T10:25:36+00:00,ow,HND,GMP,2026-09-26T12:05:00+09:00,,OZ,459161
2026-09-20T10:25:36+00:00,ow,HND,GMP,2026-09-22T12:05:00+09:00,,OZ,471079
2026-09-20T10:25:36+00:00,ow,HND,GMP,2026-09-23T12:05:00+09:00,,OZ,471079
2026-09-20T10:25:36+00:00,ow,HND,GMP,2026-11-17T12:25:00+09:00,,KE,492772
2026-09-20T10:25:36+00:00,ow,HND,GMP,2026-11-30T09:45:00+09:00,,KE,492772
2026-09-20T10:25:36+00:00,ow,HND,GMP,2026-10-01T20:05:00+09:00,,NH,494849
2026-09-20T10:25:36+00:00,ow,HND,GMP,2027-02-07T20:05:00+09:00,,OZ,511564
2026-09-20T10:25:36+00:00,ow,HND,GMP,2026-11-01T09:45:00+09:00,,KE,520135
2026-09-20T10:25:36+00:00,ow,HND,GMP,2026-11-14T09:45:00+09:00,,KE,520135
2026-09-20T10:25:36+00:00,ow,HND,GMP,2027-01-09T08:40:00+09:00,,OZ,548175
2026-09-20T10:25:36+00:00,ow,HND,GMP,2026-11-20T12:05:00+09:00,,OZ,567098
2026-09-20T10:25:36+00:00,rt,GMP,HND,2026-10-26T07:45:00+09:00,2026-11-04T20:00:00+09:00,NH,579725
2026-09-20T10:25:36+00:00,rt,GMP,HND,2026-12-03T07:45:00+09:00,2026-12-11T20:00:00+09:00,NH,582758
2026-09-20T10:25:36+00:00,rt,GMP,HND,2026-10-23T19:50:00+09:00,2026-10-30T08:40:00+09:00,OZ,585313
2026-09-20T10:25:36+00:00,rt,GMP,HND,2026-10-28T07:45:00+09:00,2026-11-02T20:00:00+09:00,NH,613946
2026-09-20T10:25:36+00:00,rt,GMP,HND,2026-10-30T19:35:00+09:00,2026-11-03T20:05:00+09:00,OZ,614687
2026-09-20T10:25:36+00:00,rt,GMP,HND,2026-10-30T19:35:00+09:00,2026-11-05T12:05:00+09:00,OZ,614687
2026-09-20T10:25:36+00:00,ow,GMP,KIX,2026-11-17T11:20:00+09:00,,MM,97107
2026-09-20T10:25:36+00:00,ow,GMP,KIX,2026-11-30T08:00:00+09:00,,7C,119789
2026-09-20T10:25:36+00:00,ow,GMP,KIX,2026-10-11T18:50:00+09:00,,MM,120992
2026-09-20T10:25:36+00:00,ow,GMP,KIX,2026-10-22T13:10:00+09:00,,MM,123135
2026-09-20T10:25:36+00:00,ow,GMP,KIX,2026-10-10T13:10:00+09:00,,MM,123234
2026-09-20T10:25:36+00:00,ow,GMP,KIX,2026-11-03T08:00:00+09:00,,7C,155889
2026-09-20T10:25:36+00:00,ow,GMP,KIX,2026-10-17T13:10:00+09:00,,MM,162450
2026-09-20T10:25:36+00:00,ow,GMP,KIX,2027-01-01T13:10:00+09:00,,MM,259590
2026-09-20T10:25:36+00:00,ow,KIX,GMP,2026-11-04T16:00:00+09:00,,MM,129943
2026-09-20T10:25:36+00:00,ow,KIX,GMP,2026-10-14T14:20:00+09:00,,MM,185638
2026-09-20T10:25:36+00:00,ow,KIX,GMP,2027-01-01T08:30:00+09:00,,MM,214242
2026-09-20T10:25:36+00:00,ow,KIX,GMP,2026-12-25T14:10:00+09:00,,MM,345158
2026-09-20T10:25:36+00:00,rt,GMP,KIX,2026-10-22T13:10:00+09:00,2026-10-26T14:10:00+09:00,MM,317795
2026-09-20T10:25:36+00:00,rt,GMP,KIX,2026-12-30T11:20:00+09:00,2027-01-02T14:10:00+09:00,MM,434336
2026-09-20T10:25:36+00:00,rt,GMP,KIX,2027-01-01T13:10:00+09:00,2027-01-09T16:00:00+09:00,MM,623770
2026-09-20T12:30:40+00:00,ow,ICN,NRT,2026-10-27T11:20:00+09:00,,WE,104063
2026-09-20T12:30:40+00:00,ow,ICN,NRT,2026-10-07T12:55:00+09:00,,ZG,105497
2026-09-20T12:30:40+00:00,ow,ICN,NRT,2026-10-10T07:25:00+09:00,,ZE,106437
2026-09-20T12:30:40+00:00,ow,ICN,NRT,2026-11-09T07:15:00+09:00,,7C,116344
2026-09-20T12:30:40+00:00,ow,ICN,NRT,2026-10-20T08:10:00+09:00,,7C,118157
2026-09-20T12:30:40+00:00,ow,ICN,NRT,2026-10-26T08:35:00+09:00,,TW,120185
2026-09-20T12:30:40+00:00,ow,ICN,NRT,2026-10-17T12:55:00+09:00,,ZG,126036
2026-09-20T12:30:40+00:00,ow,ICN,NRT,2026-11-12T07:15:00+09:00,,7C,126943
2026-09-20T12:30:40+00:00,ow,ICN,NRT,2027-01-29T12:40:00+09:00,,MM,152642
2026-09-20T12:30:40+00:00,ow,ICN,NRT,2026-10-12T08:50:00+09:00,,YP,198830
2026-09-20T12:30:40+00:00,ow,ICN,NRT,2026-09-21T15:00:00+09:00,,7C,264370
2026-09-20T12:30:40+00:00,ow,ICN,HND,2027-01-01T22:50:00+09:00,,MM,288882
2026-09-20T12:30:40+00:00,ow,NRT,ICN,2026-10-14T19:55:00+09:00,,BX,147861
2026-09-20T12:30:40+00:00,ow,NRT,ICN,2026-11-10T20:00:00+09:00,,RS,148834
2026-09-20T12:30:40+00:00,ow,NRT,ICN,2026-11-09T19:50:00+09:00,,7C,155345
2026-09-20T12:30:40+00:00,ow,NRT,ICN,2026-11-12T13:15:00+09:00,,7C,160669
2026-09-20T12:30:40+00:00,ow,NRT,ICN,2027-01-01T10:40:00+09:00,,7C,250672
2026-09-20T12:30:40+00:00,ow,NRT,ICN,2027-02-09T08:30:00+09:00,,MM,291338
2026-09-20T12:30:40+00:00,rt,ICN,NRT,2026-10-16T17:15:00+09:00,2026-10-18T20:40:00+09:00,ET,216006
2026-09-20T12:30:40+00:00,rt,ICN,NRT,2026-10-27T11:20:00+09:00,2026-11-08T10:55:00+09:00,WE,308481
2026-09-20T12:30:40+00:00,ow,ICN,KIX,2027-01-20T21:00:00+09:00,,MM,84546
2026-09-20T12:30:40+00:00,ow,ICN,KIX,2026-12-15T07:30:00+09:00,,MM,94288
2026-09-20T12:30:40+00:00,ow,ICN,KIX,2026-11-12T15:20:00+09:00,,RS,117646
2026-09-20T12:30:40+00:00,ow,ICN,KIX,2026-09-21T07:15:00+09:00,,RS,238441
2026-09-20T12:30:40+00:00,ow,ICN,KIX,2026-10-03T20:55:00+09:00,,MM,248298
2026-09-20T12:30:40+00:00,ow,KIX,ICN,2026-11-12T18:10:00+09:00,,MM,128542
2026-09-20T12:30:40+00:00,ow,KIX,ICN,2026-10-28T12:55:00+09:00,,ZE,156351
2026-09-20T12:30:40+00:00,ow,KIX,ICN,2026-11-06T10:00:00+09:00,,RS,160801
2026-09-20T12:30:40+00:00,ow,KIX,ICN,2027-03-16T09:50:00+09:00,,7C,187868
2026-09-20T12:30:40+00:00,ow,KIX,ICN,2027-03-18T18:00:00+09:00,,ZE,192516
2026-09-20T12:30:40+00:00,ow,KIX,ICN,2027-03-17T18:00:00+09:00,,ZE,194165
2026-09-20T12:30:40+00:00,ow,KIX,ICN,2027-03-19T11:50:00+09:00,,ZE,306074
2026-09-20T12:30:40+00:00,rt,ICN,KIX,2026-10-18T16:10:00+09:00,2026-10-22T11:10:00+09:00,LJ,331806
2026-09-20T12:30:40+00:00,ow,FUK,ICN,2026-09-23T20:40:00+09:00,,ZE,131674
2026-09-20T12:30:40+00:00,ow,FUK,ICN,2026-09-24T13:40:00+09:00,,7C,131674
2026-09-20T12:30:40+00:00,ow,FUK,ICN,2026-11-04T10:30:00+09:00,,RS,139784
2026-09-20T12:30:40+00:00,ow,FUK,ICN,2026-10-14T10:30:00+09:00,,RS,139817
2026-09-20T12:30:40+00:00,ow,FUK,ICN,2026-10-28T10:30:00+09:00,,RS,141136
2026-09-20T12:30:40+00:00,ow,FUK,ICN,2026-11-06T10:30:00+09:00,,RS,141136
2026-09-20T12:30:40+00:00,ow,FUK,ICN,2026-11-13T10:30:00+09:00,,RS,141136
2026-09-20T12:30:40+00:00,ow,FUK,ICN,2026-11-17T10:00:00+09:00,,RS,141136
2026-09-20T12:30:40+00:00,ow,FUK,ICN,2026-09-30T11:30:00+09:00,,ZE,155197
2026-09-20T12:30:40+00:00,ow,FUK,ICN,2026-11-03T11:30:00+09:00,,ZE,186285
2026-09-20T12:30:40+00:00,ow,FUK,ICN,2026-09-29T14:50:00+09:00,,KE,191379
2026-09-20T12:30:40+00:00,ow,FUK,ICN,2027-03-17T08:55:00+09:00,,7C,191873
2026-09-20T12:30:40+00:00,ow,FUK,ICN,2026-10-26T10:30:00+09:00,,RS,210550
2026-09-20T12:30:40+00:00,ow,FUK,ICN,2027-03-18T08:55:00+09:00,,7C,220572
2026-09-20T12:30:40+00:00,ow,FUK,ICN,2026-10-09T10:30:00+09:00,,RS,234666
2026-09-20T12:30:40+00:00,ow,FUK,ICN,2026-10-06T09:40:00+09:00,,RS,237386
2026-09-20T12:30:40+00:00,ow,FUK,ICN,2026-10-12T10:30:00+09:00,,RS,244589
2026-09-20T12:30:40+00:00,ow,FUK,ICN,2027-03-19T10:30:00+09:00,,KE,315437
2026-09-20T12:30:40+00:00,ow,FUK,ICN,2026-10-10T12:15:00+09:00,,7C,317613
2026-09-20T12:30:40+00:00,ow,FUK,ICN,2026-09-27T14:40:00+09:00,,LJ,386665
2026-09-20T12:30:40+00:00,rt,ICN,FUK,2026-09-23T08:00:00+09:00,2026-09-26T09:40:00+09:00,KE,931526
2026-09-20T12:30:40+00:00,rt,ICN,FUK,2026-09-23T08:00:00+09:00,2026-09-27T11:55:00+09:00,KE,1185808
2026-09-20T12:30:40+00:00,ow,NGO,ICN,2027-03-19T10:55:00+09:00,,TW,269365
2026-09-20T12:30:40+00:00,ow,ICN,CTS,2026-09-29T10:10:00+09:00,,TW,107113
2026-09-20T12:30:40+00:00,ow,ICN,CTS,2026-09-21T07:10:00+09:00,,7C,290563
2026-09-20T12:30:40+00:00,ow,CTS,ICN,2026-09-24T14:10:00+09:00,,WE,147218
2026-09-20T12:30:40+00:00,ow,ICN,HIJ,2026-10-06T07:45:00+09:00,,7C,93101
2026-09-20T12:30:40+00:00,ow,ICN,HIJ,2026-10-07T07:45:00+09:00,,7C,93101
2026-09-20T12:30:40+00:00,ow,HIJ,ICN,2026-10-09T18:30:00+09:00,,7C,252699
2026-09-20T12:30:40+00:00,ow,ICN,TAK,2026-10-03T08:45:00+09:00,,RS,288981
2026-09-20T12:30:40+00:00,ow,TAK,ICN,2026-10-09T17:15:00+09:00,,LJ,227215
2026-09-20T12:30:40+00:00,ow,TAK,ICN,2026-10-10T17:15:00+09:00,,LJ,401698
2026-09-20T12:30:40+00:00,ow,KKJ,ICN,2026-10-09T18:15:00+09:00,,LJ,277524
2026-09-20T12:30:40+00:00,ow,GMP,HND,2026-10-07T08:40:00+09:00,,OZ,313212
2026-09-20T12:30:40+00:00,ow,GMP,HND,2026-10-10T08:40:00+09:00,,OZ,334064
2026-09-20T12:30:40+00:00,ow,GMP,HND,2026-10-17T08:40:00+09:00,,OZ,334064
2026-09-20T12:30:40+00:00,ow,GMP,HND,2026-10-20T19:50:00+09:00,,OZ,334064
2026-09-20T12:30:40+00:00,ow,GMP,HND,2026-10-27T19:35:00+09:00,,OZ,335301
2026-09-20T12:30:40+00:00,ow,GMP,HND,2026-10-26T19:35:00+09:00,,OZ,354587
2026-09-20T12:30:40+00:00,ow,GMP,HND,2026-11-09T19:40:00+09:00,,JL,374384
2026-09-20T12:30:40+00:00,ow,GMP,HND,2026-11-12T12:05:00+09:00,,JL,375752
2026-09-20T12:30:40+00:00,ow,GMP,HND,2027-01-29T08:15:00+09:00,,JL,375752
2026-09-20T12:30:40+00:00,ow,GMP,HND,2027-01-01T12:20:00+09:00,,NH,409511
2026-09-20T12:30:40+00:00,ow,GMP,HND,2026-10-12T08:00:00+09:00,,JL,431013
2026-09-20T12:30:40+00:00,ow,GMP,HND,2026-09-21T12:40:00+09:00,,NH,431221
2026-09-20T12:30:40+00:00,ow,HND,GMP,2026-10-14T20:05:00+09:00,,NH,457464
2026-09-20T12:30:40+00:00,ow,HND,GMP,2026-11-09T09:45:00+09:00,,KE,492772
2026-09-20T12:30:40+00:00,ow,HND,GMP,2026-11-10T09:45:00+09:00,,KE,494585
2026-09-20T12:30:40+00:00,ow,HND,GMP,2026-11-12T12:25:00+09:00,,KE,494585
2026-09-20T12:30:40+00:00,ow,HND,GMP,2027-01-01T12:05:00+09:00,,OZ,546180
2026-09-20T12:30:40+00:00,ow,HND,GMP,2027-02-09T20:00:00+09:00,,NH,895657
2026-09-20T12:30:40+00:00,rt,GMP,HND,2026-10-27T19:35:00+09:00,2026-11-08T12:05:00+09:00,OZ,616946
2026-09-20T12:30:40+00:00,rt,GMP,HND,2026-10-16T08:00:00+09:00,2026-10-18T18:55:00+09:00,JL,712322
2026-09-20T12:30:40+00:00,ow,GMP,KIX,2026-12-15T11:20:00+09:00,,MM,107179
2026-09-20T12:30:40+00:00,ow,GMP,KIX,2027-01-20T13:10:00+09:00,,MM,136504
2026-09-20T12:30:40+00:00,ow,GMP,KIX,2026-11-12T17:00:00+09:00,,MM,184719
2026-09-20T12:30:40+00:00,ow,GMP,KIX,2026-10-03T18:50:00+09:00,,MM,235325
2026-09-20T12:30:40+00:00,ow,GMP,KIX,2026-09-21T13:10:00+09:00,,MM,269150
2026-09-20T12:30:40+00:00,ow,KIX,GMP,2026-11-12T16:00:00+09:00,,MM,109816
2026-09-20T12:30:40+00:00,ow,KIX,GMP,2026-11-06T10:20:00+09:00,,MM,180054
2026-09-20T12:30:40+00:00,ow,KIX,GMP,2027-03-16T10:45:00+09:00,,7C,187868
2026-09-20T12:30:40+00:00,ow,KIX,GMP,2027-03-17T10:45:00+09:00,,7C,187983
2026-09-20T12:30:40+00:00,ow,KIX,GMP,2026-10-28T08:30:00+09:00,,MM,189104
2026-09-20T12:30:40+00:00,ow,KIX,GMP,2027-03-18T10:45:00+09:00,,7C,212825
2026-09-20T12:30:40+00:00,ow,KIX,GMP,2027-03-19T10:45:00+09:00,,7C,454826
2026-09-20T12:30:40+00:00,rt,GMP,KIX,2026-10-18T13:10:00+09:00,2026-10-22T16:05:00+09:00,MM,390588
2026-09-20T12:30:40+00:00,ow,NGO,GMP,2027-03-19T14:10:00+09:00,,MM,378357
2026-09-20T14:25:13+00:00,ow,ICN,NRT,2026-10-07T12:20:00+09:00,,ZE,106437
2026-09-20T14:25:13+00:00,ow,ICN,NRT,2026-10-20T08:10:00+09:00,,7C,117415
2026-09-20T14:25:13+00:00,ow,ICN,NRT,2026-10-11T07:25:00+09:00,,ZE,128526
2026-09-20T14:25:13+00:00,ow,ICN,NRT,2026-09-28T20:10:00+09:00,,TW,206808
2026-09-20T14:25:13+00:00,ow,ICN,NRT,2026-09-27T09:50:00+09:00,,WE,261535
2026-09-20T14:25:13+00:00,ow,ICN,NRT,2026-09-26T18:15:00+09:00,,TW,263364
2026-09-20T14:25:13+00:00,ow,NRT,ICN,2026-09-28T21:45:00+09:00,,TW,109520
2026-09-20T14:25:13+00:00,ow,NRT,ICN,2026-12-02T12:50:00+09:00,,RS,158938
2026-09-20T14:25:13+00:00,ow,NRT,ICN,2027-01-11T08:30:00+09:00,,MM,193950
2026-09-20T14:25:13+00:00,ow,NRT,ICN,2027-01-10T08:30:00+09:00,,MM,197940
2026-09-20T14:25:13+00:00,ow,NRT,ICN,2026-11-15T10:55:00+09:00,,ZG,206346
2026-09-20T14:25:13+00:00,ow,NRT,ICN,2026-12-30T08:30:00+09:00,,MM,339537
2026-09-20T14:25:13+00:00,rt,ICN,NRT,2026-11-09T07:15:00+09:00,2026-11-17T13:15:00+09:00,7C,280541
2026-09-20T14:25:13+00:00,rt,ICN,NRT,2026-11-05T07:15:00+09:00,2026-11-18T20:00:00+09:00,7C,287382
2026-09-20T14:25:13+00:00,rt,ICN,NRT,2026-11-21T07:15:00+09:00,2026-12-03T14:00:00+09:00,7C,314646
2026-09-20T14:25:13+00:00,rt,ICN,NRT,2026-09-29T20:10:00+09:00,2026-10-03T14:05:00+09:00,TW,340872
2026-09-20T14:25:13+00:00,rt,ICN,NRT,2026-10-22T08:10:00+09:00,2026-10-23T12:50:00+09:00,RS,373510
2026-09-20T14:25:13+00:00,rt,ICN,NRT,2026-09-21T15:00:00+09:00,2026-09-28T12:50:00+09:00,7C,388709
2026-09-20T14:25:13+00:00,ow,ICN,KIX,2026-11-02T07:30:00+09:00,,MM,76848
2026-09-20T14:25:13+00:00,ow,ICN,KIX,2026-11-04T15:05:00+09:00,,ZE,100997
2026-09-20T14:25:13+00:00,ow,ICN,KIX,2026-10-17T15:20:00+09:00,,RS,167213
2026-09-20T14:25:13+00:00,ow,KIX,ICN,2026-09-25T00:15:00+09:00,,OZ,75332
2026-09-20T14:25:13+00:00,ow,KIX,ICN,2026-09-30T00:15:00+09:00,,OZ,105003
2026-09-20T14:25:13+00:00,ow,KIX,ICN,2026-11-04T07:40:00+09:00,,MM,157323
2026-09-20T14:25:13+00:00,ow,KIX,ICN,2026-12-06T07:40:00+09:00,,MM,184538
2026-09-20T14:25:13+00:00,rt,ICN,KIX,2026-12-14T15:20:00+09:00,2026-12-17T07:40:00+09:00,RS,214902
2026-09-20T14:25:13+00:00,ow,ICN,FUK,2027-02-01T18:15:00+09:00,,ZE,173906
2026-09-20T14:25:13+00:00,rt,ICN,FUK,2026-10-27T17:50:00+09:00,2026-10-29T10:00:00+09:00,TW,230446
2026-09-20T14:25:13+00:00,ow,ICN,OKA,2026-10-21T11:30:00+09:00,,ZE,178076
2026-09-20T14:25:13+00:00,ow,ICN,OKA,2026-10-19T13:15:00+09:00,,7C,180978
2026-09-20T14:25:13+00:00,ow,OKA,ICN,2026-10-28T15:00:00+09:00,,ZE,190522
2026-09-20T14:25:13+00:00,ow,NGO,ICN,2026-10-26T18:30:00+09:00,,LJ,181241
2026-09-20T14:25:13+00:00,ow,ICN,HIJ,2026-10-07T07:45:00+09:00,,7C,94404
2026-09-20T14:25:13+00:00,ow,NGS,ICN,2026-09-26T13:20:00+09:00,,KE,620308
2026-09-20T14:25:13+00:00,ow,KMI,ICN,2026-10-16T12:30:00+09:00,,OZ,436562
2026-09-20T14:25:13+00:00,ow,GMP,HND,2026-09-28T19:50:00+09:00,,OZ,324883
2026-09-20T14:25:13+00:00,ow,GMP,HND,2026-10-07T08:40:00+09:00,,OZ,334064
2026-09-20T14:25:13+00:00,ow,GMP,HND,2026-10-11T08:40:00+09:00,,OZ,335301
2026-09-20T14:25:13+00:00,ow,GMP,HND,2026-09-26T19:15:00+09:00,,JL,375752
2026-09-20T14:25:13+00:00,ow,GMP,HND,2026-09-27T12:40:00+09:00,,NH,411011
2026-09-20T14:25:13+00:00,ow,HND,GMP,2026-12-02T12:25:00+09:00,,KE,492772
2026-09-20T14:25:13+00:00,ow,HND,GMP,2026-12-30T19:50:00+09:00,,KE,512833
2026-09-20T14:25:13+00:00,ow,HND,GMP,2026-11-15T19:50:00+09:00,,KE,520135
2026-09-20T14:25:13+00:00,ow,HND,GMP,2027-01-11T20:05:00+09:00,,OZ,520251
2026-09-20T14:25:13+00:00,ow,HND,GMP,2027-01-10T08:40:00+09:00,,OZ,546180
2026-09-20T14:25:13+00:00,ow,HND,GMP,2026-09-28T20:05:00+09:00,,OZ,562252
2026-09-20T14:25:13+00:00,rt,GMP,HND,2026-09-29T07:40:00+09:00,2026-10-03T20:05:00+09:00,NH,524339
2026-09-20T14:25:13+00:00,rt,GMP,HND,2026-11-21T19:50:00+09:00,2026-12-03T20:00:00+09:00,NH,566389
2026-09-20T14:25:13+00:00,rt,GMP,HND,2026-11-09T07:45:00+09:00,2026-11-17T20:00:00+09:00,NH,577598
2026-09-20T14:25:13+00:00,rt,GMP,HND,2026-11-05T12:20:00+09:00,2026-11-18T20:00:00+09:00,NH,605951
2026-09-20T14:25:13+00:00,rt,GMP,HND,2026-10-22T18:40:00+09:00,2026-10-23T12:35:00+09:00,KE,787110
2026-09-20T14:25:13+00:00,rt,GMP,HND,2026-09-21T08:40:00+09:00,2026-09-28T20:05:00+09:00,OZ,803610
2026-09-20T14:25:13+00:00,ow,GMP,KIX,2026-11-04T11:20:00+09:00,,MM,108646
2026-09-20T14:25:13+00:00,ow,GMP,KIX,2026-11-02T13:40:00+09:00,,7C,135729
2026-09-20T14:25:13+00:00,ow,GMP,KIX,2026-10-17T13:10:00+09:00,,MM,161856
2026-09-20T14:25:13+00:00,ow,KIX,GMP,2026-11-04T16:00:00+09:00,,MM,127866
2026-09-20T14:25:13+00:00,ow,KIX,GMP,2026-09-30T10:25:00+09:00,,MM,140048
2026-09-20T14:25:13+00:00,ow,KIX,GMP,2026-09-25T16:05:00+09:00,,MM,151158
2026-09-20T14:25:13+00:00,ow,KIX,GMP,2026-12-06T08:30:00+09:00,,MM,198121
2026-09-20T14:25:13+00:00,rt,GMP,KIX,2026-12-14T13:10:00+09:00,2026-12-17T14:10:00+09:00,MM,231864
2026-09-20T14:25:13+00:00,rt,GMP,KIX,2026-10-29T13:10:00+09:00,2026-11-01T14:10:00+09:00,MM,363398
2026-09-20T14:25:13+00:00,ow,NGO,GMP,2026-10-26T14:10:00+09:00,,MM,219138
